State,Year,z1,z2,z3,index
US,2000,0.680596087,0.528807493,0.378992149,0.529465243
US,2001,0.693147692,0.548007355,0.390792695,0.543982581
US,2002,0.692049114,0.549335649,0.40259324,0.547992668
US,2003,0.69352396,0.561315612,0.414393786,0.556411119
US,2004,0.678719867,0.56035629,0.426194331,0.555090163
US,2005,0.6939546,0.553477901,0.437994877,0.561809126
US,2006,0.675405745,0.557600907,0.449795423,0.560934025
US,2007,0.674015437,0.55568732,0.461595968,0.563766242
US,2008,0.669986241,0.554468208,0.473396514,0.565950321
US,2009,0.661928894,0.553500324,0.48519706,0.566875426
US,2010,0.673748675,0.567871382,0.496997605,0.579539221
US,2011,0.674407761,0.575794016,0.508798151,0.586333309
US,2012,0.67317716,0.576849951,0.520598696,0.590208602
US,2013,0.680640707,0.57787543,0.532399242,0.596971793
US,2014,0.685282892,0.575138826,0.544199788,0.601540502
US,2015,0.686174112,0.581593334,0.556000333,0.607922593
US,2016,0.666788544,0.584085061,0.567800879,0.606224828
US,2017,0.677609314,0.587885872,0.579601425,0.615032204
US,2018,0.671570411,0.587182759,0.59140197,0.61671838
AK,2000,-0.174941952,-0.424247324,-0.551168507,-0.383452594
AK,2001,-0.293620349,-0.424775353,-0.548391908,-0.422262537
AK,2002,-0.354821792,-0.470408113,-0.545615309,-0.456948405
AK,2003,-0.252371183,-0.438527822,-0.54283871,-0.411245905
AK,2004,-0.286962368,-0.431648162,-0.540062111,-0.419557547
AK,2005,-0.459405699,-0.498150527,-0.537285512,-0.498280579
AK,2006,-0.271442688,-0.403409668,-0.534508913,-0.403120423
AK,2007,-0.182526042,-0.401329731,-0.531732314,-0.371862696
AK,2008,-0.309076747,-0.458012798,-0.528955715,-0.432015087
AK,2009,-0.198157057,-0.417455457,-0.526179116,-0.38059721
AK,2010,-0.31963148,-0.505145977,-0.523402517,-0.449393325
AK,2011,-0.391847065,-0.508501017,-0.520625918,-0.473658
AK,2012,-0.278697875,-0.505766145,-0.517849319,-0.434104446
AK,2013,-0.427037365,-0.460903666,-0.51507272,-0.46767125
AK,2014,-0.210856275,-0.465423588,-0.512296121,-0.396191995
AK,2015,-0.09717404,-0.456061307,-0.509519522,-0.354251623
AK,2016,-0.136994737,-0.475271824,-0.506742923,-0.373003161
AK,2017,-0.233496272,-0.484286139,-0.503966324,-0.407249578
AK,2018,-0.269629108,-0.479240596,-0.501189725,-0.416686476
AL,2000,-0.925720231,-0.707894591,-1.259201244,-0.964272022
AL,2001,-0.93415399,-0.708959066,-1.234211854,-0.959108303
AL,2002,-0.853331747,-0.68509101,-1.209222463,-0.91588174
AL,2003,-0.928010571,-0.701644516,-1.184233072,-0.93796272
AL,2004,-0.91965073,-0.727138849,-1.159243682,-0.93534442
AL,2005,-0.920749819,-0.727218105,-1.134254291,-0.927407405
AL,2006,-0.940766581,-0.723746526,-1.1092649,-0.924592669
AL,2007,-0.909778241,-0.720335415,-1.084275509,-0.904796388
AL,2008,-0.929149973,-0.734143981,-1.059286119,-0.907526691
AL,2009,-0.892841864,-0.710765016,-1.034296728,-0.879301203
AL,2010,-0.857033859,-0.69568177,-1.009307337,-0.854007655
AL,2011,-0.892663725,-0.697506573,-0.984317946,-0.858162748
AL,2012,-0.891769931,-0.724275816,-0.959328556,-0.858458101
AL,2013,-0.932008251,-0.728018291,-0.934339165,-0.864788569
AL,2014,-0.976647926,-0.740289132,-0.909349774,-0.875428944
AL,2015,-0.960455677,-0.749737149,-0.884360383,-0.86485107
AL,2016,-0.956235389,-0.747400199,-0.859370993,-0.854335527
AL,2017,-0.952790155,-0.764403151,-0.834381602,-0.850524969
AL,2018,-0.987493147,-0.757855707,-0.809392211,-0.851580355
AR,2000,-0.803500511,-0.52636034,-1.46050467,-0.93012184
AR,2001,-0.81297195,-0.523146639,-1.434821129,-0.923646573
AR,2002,-0.803480751,-0.524078837,-1.409137589,-0.912232392
AR,2003,-0.809773678,-0.512200496,-1.383454048,-0.901809407
AR,2004,-0.719854405,-0.473861117,-1.357770508,-0.850495343
AR,2005,-0.72303091,-0.456501876,-1.332086968,-0.837206585
AR,2006,-0.728541932,-0.444743456,-1.306403427,-0.826562938
AR,2007,-0.699683161,-0.463072766,-1.280719887,-0.814491938
AR,2008,-0.765972808,-0.468239879,-1.255036346,-0.829749678
AR,2009,-0.760520948,-0.437683703,-1.229352806,-0.809185819
AR,2010,-0.694184653,-0.455004979,-1.203669265,-0.784286299
AR,2011,-0.74726534,-0.438867391,-1.177985725,-0.788039485
AR,2012,-0.746568655,-0.436240341,-1.152302184,-0.778370393
AR,2013,-0.720246266,-0.431224264,-1.126618644,-0.759363058
AR,2014,-0.699659457,-0.445790335,-1.100935103,-0.748794965
AR,2015,-0.704668526,-0.456061307,-1.075251563,-0.745327132
AR,2016,-0.801661681,-0.446115213,-1.049568022,-0.765781639
AR,2017,-0.760978453,-0.44564931,-1.023884482,-0.743504082
AR,2018,-0.748205134,-0.440810926,-0.998200941,-0.729072334
AZ,2000,0.994875367,1.969735611,1.017609912,1.327406963
AZ,2001,0.987446932,1.990786205,1.028716308,1.335649815
AZ,2002,0.941304092,2.041381784,1.039822704,1.340836193
AZ,2003,1.082016608,2.045293763,1.0509291,1.39274649
AZ,2004,1.09496221,2.03780973,1.062035496,1.398269145
AZ,2005,1.089392417,2.052829323,1.073141892,1.405121211
AZ,2006,1.099855043,2.035283834,1.084248288,1.406462388
AZ,2007,1.191172556,2.088972702,1.095354684,1.458499981
AZ,2008,0.99634057,2.068076175,1.106461079,1.390292608
AZ,2009,0.926570725,2.080732855,1.117567475,1.374957018
AZ,2010,0.771458198,1.911650132,1.128673871,1.270594067
AZ,2011,0.755184642,1.908780571,1.139780267,1.26791516
AZ,2012,0.769978011,1.897840233,1.150886663,1.272901636
AZ,2013,0.729508857,1.873876017,1.161993059,1.255125978
AZ,2014,0.766750089,1.870933532,1.173099455,1.270261025
AZ,2015,0.670187415,1.863977842,1.184205851,1.239457036
AZ,2016,0.697703286,1.866975968,1.195312247,1.2533305
AZ,2017,0.629656389,1.872560444,1.206418642,1.236211825
AZ,2018,0.639665343,1.864969302,1.217525038,1.240719894
CA,2000,3.351969964,2.775293849,1.447982753,2.525082189
CA,2001,3.272593976,2.799616772,1.452147651,2.508119466
CA,2002,3.234449886,2.739101199,1.45631255,2.476621212
CA,2003,3.193389695,2.739921833,1.460477448,2.464596325
CA,2004,3.159524232,2.744876733,1.464642347,2.456347771
CA,2005,3.181917531,2.740032058,1.468807245,2.463585611
CA,2006,3.091501749,2.737958233,1.472972144,2.434144042
CA,2007,3.098189433,2.737274575,1.477137042,2.437533683
CA,2008,3.036055127,2.72260935,1.481301941,2.413322139
CA,2009,3.076785602,2.707808464,1.485466839,2.423353635
CA,2010,3.035062157,2.703877902,1.489631738,2.409523932
CA,2011,2.98462655,2.704593439,1.493796636,2.394338875
CA,2012,2.964130633,2.692420853,1.497961535,2.384837674
CA,2013,2.961154383,2.685113026,1.502126433,2.382797947
CA,2014,2.950070969,2.666080283,1.506291331,2.374147528
CA,2015,2.924311689,2.656902615,1.51045623,2.363890178
CA,2016,2.815363084,2.634766738,1.514621128,2.32158365
CA,2017,2.819506657,2.616319406,1.518786027,2.31820403
CA,2018,2.809209996,2.604740458,1.522950925,2.31230046
CO,2000,0.244097088,1.050718465,0.760774507,0.685196687
CO,2001,0.312289851,1.039863781,0.772575053,0.708242895
CO,2002,0.359709144,1.053840457,0.784375599,0.732641733
CO,2003,0.321922297,1.066499664,0.796176144,0.728199368
CO,2004,0.295776912,1.088018233,0.80797669,0.730590612
CO,2005,0.331469935,1.094910359,0.819777236,0.748719177
CO,2006,0.299931367,1.043272918,0.831577781,0.724927355
CO,2007,0.253825277,1.05992211,0.843378327,0.719041905
CO,2008,0.294678762,1.035141008,0.855178873,0.728332881
CO,2009,0.215345804,1.008635846,0.866979418,0.696987023
CO,2010,0.168916137,1.009112166,0.878779964,0.685602756
CO,2011,0.141280348,0.993595772,0.890580509,0.67515221
CO,2012,0.17303943,0.984072519,0.902381055,0.686497668
CO,2013,0.110512287,0.963707666,0.914181601,0.662800518
CO,2014,0.147599392,0.957987262,0.925982146,0.6771896
CO,2015,0.094666323,0.953582733,0.937782692,0.662010583
CO,2016,0.125780566,0.924245529,0.949583238,0.666536444
CO,2017,0.07020559,0.91629892,0.961383783,0.649296098
CO,2018,0.065374111,0.913834958,0.973184329,0.650797799
CT,2000,0.628216207,0.177084882,0.982902425,0.596067838
CT,2001,0.814329732,0.165452358,0.984984874,0.654922321
CT,2002,0.74190011,0.173640579,0.987067324,0.634202671
CT,2003,0.609069036,0.150853571,0.989149773,0.583024127
CT,2004,0.612121093,0.180439692,0.991232222,0.594597669
CT,2005,0.677478024,0.199464371,0.993314671,0.623419022
CT,2006,0.708055691,0.164929919,0.995397121,0.622794244
CT,2007,0.706337757,0.216100624,0.99747957,0.63997265
CT,2008,0.784210256,0.216974539,0.999562019,0.666915605
CT,2009,0.744629466,0.209620151,1.001644468,0.651964695
CT,2010,0.722603436,0.277053593,1.003726918,0.667794649
CT,2011,0.722873889,0.287311852,1.005809367,0.671998369
CT,2012,0.769978011,0.308678991,1.007891816,0.695516273
CT,2013,0.810955774,0.340440208,1.009974265,0.720456749
CT,2014,0.766750089,0.349356416,1.012056714,0.70938774
CT,2015,0.830054384,0.36623105,1.014139164,0.736808199
CT,2016,0.805904881,0.37998878,1.016221613,0.734038425
CT,2017,0.8374524,0.394701726,1.018304062,0.750152729
CT,2018,0.815143219,0.414249242,1.020386511,0.749926324
DE,2000,-0.262241752,-0.344826089,0.455348621,-0.050573073
DE,2001,-0.189750029,-0.337334211,0.477561412,-0.016507609
DE,2002,-0.271736799,-0.341598375,0.499774204,-0.037853657
DE,2003,-0.286153153,-0.333281145,0.521986996,-0.032482434
DE,2004,-0.07051635,-0.315562534,0.544199788,0.052706968
DE,2005,-0.146350761,-0.321143762,0.566412579,0.032972685
DE,2006,-0.075543012,-0.300075197,0.588625371,0.071002387
DE,2007,-0.214848362,-0.391039225,0.610838163,0.001650192
DE,2008,-0.080628717,-0.284152423,0.633050955,0.089423272
DE,2009,-0.032755913,-0.306200108,0.655263747,0.105435909
DE,2010,-0.173067195,-0.254440986,0.677476538,0.083322786
DE,2011,-0.036428789,-0.249861834,0.69968933,0.137799569
DE,2012,-0.020562272,-0.247527443,0.721902122,0.151270802
DE,2013,-0.133828464,-0.243254713,0.744114914,0.122343912
DE,2014,-0.096802199,-0.249457804,0.766327705,0.140022567
DE,2015,0.030719535,-0.260277413,0.788540497,0.18632754
DE,2016,0.048493712,-0.261456673,0.810753289,0.199263443
DE,2017,0.054221282,-0.252465163,0.832966081,0.211574067
DE,2018,-0.030341094,-0.258269991,0.855178873,0.188855929
FL,2000,1.658353846,1.005334902,1.093966384,1.252551711
FL,2001,1.801097774,1.028933639,1.107155229,1.312395547
FL,2002,1.689069025,1.043106312,1.120344074,1.284173137
FL,2003,1.706983042,1.066499664,1.133532919,1.302338542
FL,2004,1.677701491,1.088018233,1.146721765,1.304147163
FL,2005,1.715502294,1.105322521,1.15991061,1.326911808
FL,2006,1.73652899,1.1052736,1.173099455,1.338300682
FL,2007,1.692168515,1.131955651,1.1862883,1.336804155
FL,2008,1.681684661,1.127184736,1.199477145,1.336115514
FL,2009,1.720496218,1.140119442,1.21266599,1.35776055
FL,2010,1.764838353,1.189619759,1.225854835,1.393437649
FL,2011,1.724507211,1.182601328,1.23904368,1.38205074
FL,2012,1.737986521,1.202582189,1.252232526,1.397600412
FL,2013,1.739450628,1.220929157,1.265421371,1.408600385
FL,2014,1.793236771,1.242669432,1.278610216,1.43817214
FL,2015,1.773269506,1.25704777,1.291799061,1.440705446
FL,2016,1.795176612,1.274124867,1.304987906,1.458096462
FL,2017,1.844463837,1.31232642,1.318176751,1.491655669
FL,2018,1.868010477,1.336561333,1.331365596,1.511979135
GA,2000,-0.035262272,-0.288096636,-0.134678661,-0.15267919
GA,2001,-0.068567989,-0.29361364,-0.11038342,-0.157521683
GA,2002,0.010752176,-0.255725216,-0.086088179,-0.11035374
GA,2003,0.017884572,-0.238559135,-0.061792938,-0.094155834
GA,2004,0.079330894,-0.231136623,-0.037497697,-0.063101142
GA,2005,0.133751026,-0.217022135,-0.013202456,-0.032157855
GA,2006,0.136681637,-0.207074174,0.011092785,-0.019766584
GA,2007,0.092213678,-0.195519613,0.035388026,-0.022639303
GA,2008,0.16413703,-0.192108695,0.059683267,0.010570534
GA,2009,0.149185346,-0.194944758,0.083978508,0.012739699
GA,2010,0.152631216,-0.194271789,0.108273749,0.022211059
GA,2011,0.125124972,-0.190175869,0.13256899,0.022506031
GA,2012,0.108505529,-0.197866155,0.156864231,0.022501202
GA,2013,0.126801671,-0.21357531,0.181159472,0.031461944
GA,2014,0.115012513,-0.229824551,0.205454713,0.030214225
GA,2015,0.142626414,-0.230909828,0.229749954,0.047155513
GA,2016,0.125780566,-0.242018932,0.254045195,0.04593561
GA,2017,0.118158516,-0.233146749,0.278340436,0.054450734
GA,2018,0.097279179,-0.239055156,0.302635677,0.0536199
HI,2000,1.955173166,-0.061178822,1.246679328,1.046891224
HI,2001,1.783786054,-0.107801212,1.249455927,0.975146923
HI,2002,1.838622011,-0.116181333,1.252232526,0.991557735
HI,2003,1.690092057,-0.112263122,1.255009124,0.944279353
HI,2004,1.860848121,-0.104497757,1.257785723,1.004712029
HI,2005,1.633119415,-0.102488346,1.260562322,0.930397797
HI,2006,1.475329422,-0.165740386,1.263338921,0.857642652
HI,2007,1.482073436,-0.174938601,1.26611552,0.857750118
HI,2008,1.649049228,-0.161427453,1.268892119,0.918837965
HI,2009,1.571635188,-0.134260021,1.271668718,0.903014628
HI,2010,1.618274068,-0.184243589,1.274445317,0.902825265
HI,2011,1.676041082,-0.180228208,1.277221916,0.92434493
HI,2012,1.592785244,-0.168069381,1.279998515,0.901571459
HI,2013,1.46253111,-0.134430236,1.282775114,0.870291996
HI,2014,1.418487665,-0.141474912,1.285551713,0.854188155
HI,2015,1.453535567,-0.123228687,1.288328312,0.872878397
HI,2016,1.640602904,-0.135111357,1.291104911,0.932198819
HI,2017,1.492809049,-0.146213883,1.29388151,0.880158892
HI,2018,1.517054724,-0.14298098,1.296658109,0.890243951
IA,2000,-0.733660671,-0.583089794,-0.863535891,-0.726762119
IA,2001,-0.76103679,-0.56686721,-0.843405548,-0.723769849
IA,2002,-0.720395759,-0.577749561,-0.823275206,-0.707140175
IA,2003,-0.759100724,-0.575348503,-0.803144863,-0.712531363
IA,2004,-0.819752567,-0.558287028,-0.783014521,-0.720351372
IA,2005,-0.788937213,-0.581447828,-0.762884178,-0.71108974
IA,2006,-0.728541932,-0.558411373,-0.742753836,-0.676569047
IA,2007,-0.748166641,-0.586558838,-0.722623493,-0.685782991
IA,2008,-0.765972808,-0.60119193,-0.702493151,-0.689885963
IA,2009,-0.793601177,-0.599509666,-0.682362808,-0.69182455
IA,2010,-0.694184653,-0.575343374,-0.662232466,-0.643920164
IA,2011,-0.74726534,-0.588082303,-0.642102123,-0.659149922
IA,2012,-0.746568655,-0.585224207,-0.62197178,-0.651254881
IA,2013,-0.638799349,-0.579621277,-0.601841438,-0.606754021
IA,2014,-0.683366017,-0.583223107,-0.581711095,-0.616100073
IA,2015,-0.752628617,-0.593110033,-0.561580753,-0.635773134
IA,2016,-0.678002715,-0.59189827,-0.54145041,-0.603783798
IA,2017,-0.729009836,-0.590537419,-0.521320068,-0.613622441
IA,2018,-0.604632326,-0.58492219,-0.501189725,-0.563581414
ID,2000,-0.401921432,-0.01579526,-0.495636527,-0.304451073
ID,2001,-0.38017895,0.012430358,-0.466482238,-0.278076943
ID,2002,-0.388055789,0.012628406,-0.437327949,-0.270918444
ID,2003,-0.319935122,-0.028065781,-0.40817366,-0.252058188
ID,2004,-0.336911449,0.001034631,-0.37901937,-0.238298729
ID,2005,-0.37702282,0.043281931,-0.349865081,-0.227868657
ID,2006,-0.483667337,0.051262002,-0.320710792,-0.251038709
ID,2007,-0.489588082,0.030871518,-0.291556503,-0.250091022
ID,2008,-0.439618479,0.053341245,-0.262402214,-0.216226483
ID,2009,-0.396638431,0.047794188,-0.233247924,-0.194030722
ID,2010,-0.498765606,0.056433202,-0.204093635,-0.215475346
ID,2011,-0.488779321,0.058515652,-0.174939346,-0.201734338
ID,2012,-0.488433052,0.040508032,-0.145785057,-0.197903359
ID,2013,-0.459616132,0.053539315,-0.116630768,-0.174235862
ID,2014,-0.455257866,0.064674246,-0.087476478,-0.159353366
ID,2015,-0.560788253,0.043187624,-0.058322189,-0.191974273
ID,2016,-0.58525849,0.049547183,-0.0291679,-0.188293069
ID,2017,-0.633103985,0.046970263,-1.36E-05,-0.195382441
ID,2018,-0.556774724,0.049167373,0.029140678,-0.159488891
IL,2000,0.890115607,0.506115712,0.989843923,0.795358414
IL,2001,1.039382093,0.537077213,0.994702971,0.857054092
IL,2002,0.908070095,0.570803938,0.999562019,0.826145351
IL,2003,0.929997746,0.550790945,1.004421067,0.828403253
IL,2004,0.878516192,0.549803052,1.009280115,0.81253312
IL,2005,0.908150084,0.553477901,1.014139164,0.825255716
IL,2006,0.887630394,0.54726746,1.018998212,0.817965355
IL,2007,0.851788196,0.55568732,1.02385726,0.810444259
IL,2008,0.882116555,0.534014046,1.028716308,0.81494897
IL,2009,0.810789924,0.513043833,1.033575356,0.785803038
IL,2010,0.804028039,0.517730384,1.038434405,0.786730943
IL,2011,0.819806146,0.516108051,1.043293453,0.793069217
IL,2012,0.802244961,0.517256404,1.048152501,0.789217955
IL,2013,0.827245157,0.50862349,1.053011549,0.796293399
IL,2014,0.75045665,0.516239067,1.057870597,0.774855438
IL,2015,0.79808099,0.513068971,1.062729646,0.791293202
IL,2016,0.666788544,0.506334097,1.067588694,0.746903778
IL,2017,0.773515166,0.500953006,1.072447742,0.782305305
IL,2018,0.751333082,0.491108583,1.07730679,0.773249485
IN,2000,-0.733660671,-0.492322668,-0.19021064,-0.47206466
IN,2001,-0.72641335,-0.49035621,-0.179104244,-0.465291268
IN,2002,-0.720395759,-0.481142258,-0.167997849,-0.456511955
IN,2003,-0.70842777,-0.480626493,-0.156891453,-0.448648572
IN,2004,-0.686555017,-0.473861117,-0.145785057,-0.435400397
IN,2005,-0.72303091,-0.487738364,-0.134678661,-0.448482645
IN,2006,-0.695891986,-0.475743797,-0.123572265,-0.431736016
IN,2007,-0.715844321,-0.493944284,-0.112465869,-0.440751491
IN,2008,-0.733337375,-0.498921121,-0.101359473,-0.444539323
IN,2009,-0.694360491,-0.488254317,-0.090253077,-0.424289295
IN,2010,-0.694184653,-0.475061378,-0.079146681,-0.416130904
IN,2011,-0.698799211,-0.478658034,-0.068040286,-0.415165844
IN,2012,-0.698168229,-0.475969372,-0.05693389,-0.410357164
IN,2013,-0.687667499,-0.480689935,-0.045827494,-0.404728309
IN,2014,-0.699659457,-0.485056842,-0.034721098,-0.406479132
IN,2015,-0.720655223,-0.495218086,-0.023614702,-0.41316267
IN,2016,-0.693460086,-0.484990695,-0.012508306,-0.396986362
IN,2017,-0.68105691,-0.493945346,-0.00140191,-0.392134722
IN,2018,-0.668442463,-0.488848014,0.009704486,-0.382528664
KS,2000,-0.384461472,-0.106562385,-0.148561656,-0.213195171
KS,2001,-0.43211411,-0.162451926,-0.129125463,-0.2412305
KS,2002,-0.587459771,-0.148383767,-0.10968927,-0.281844269
KS,2003,-0.404390045,-0.185935797,-0.090253077,-0.22685964
KS,2004,-0.536707774,-0.294456057,-0.070816885,-0.300660239
KS,2005,-0.459405699,-0.102488346,-0.051380692,-0.204424912
KS,2006,-0.369392526,-0.052072468,-0.031944499,-0.151136498
KS,2007,-0.376459962,-0.072033541,-0.012508306,-0.15366727
KS,2008,-0.374347613,-0.038702482,0.006927887,-0.135374069
KS,2009,-0.363558202,-0.09380353,0.026364079,-0.143665884
KS,2010,-0.368486242,-0.023792395,0.045800272,-0.115492788
KS,2011,-0.343380936,-0.021065635,0.065236465,-0.099736702
KS,2012,-0.375498726,-0.019085515,0.084672658,-0.103303861
KS,2013,-0.345590448,-0.015712625,0.104108851,-0.085731407
KS,2014,-0.34120379,-0.013858767,0.123545043,-0.077172505
KS,2015,-0.273027707,-0.00575835,0.142981236,-0.045268274
KS,2016,-0.322483187,-0.018484911,0.162417429,-0.05951689
KS,2017,-0.409323665,-0.010984981,0.181853622,-0.079485008
KS,2018,-0.381296847,-0.018084551,0.201289815,-0.066030528
KY,2000,-0.925720231,-0.730586373,-1.231435255,-0.96258062
KY,2001,-0.98608915,-0.730819352,-1.213387361,-0.976765288
KY,2002,-0.936416739,-0.728027589,-1.195339468,-0.953261265
KY,2003,-0.944901556,-0.743743187,-1.177291575,-0.955312106
KY,2004,-0.936300423,-0.737692088,-1.159243682,-0.944412064
KY,2005,-0.95370297,-0.789691081,-1.141195788,-0.961529946
KY,2006,-0.957091554,-0.765080314,-1.123147895,-0.948439921
KY,2007,-0.958261721,-0.771787944,-1.105100002,-0.945049889
KY,2008,-0.929149973,-0.775052305,-1.087052108,-0.930418129
KY,2009,-0.925922093,-0.771449753,-1.069004215,-0.922125354
KY,2010,-0.8896037,-0.775907367,-1.050956322,-0.90548913
KY,2011,-0.908819101,-0.78703552,-1.032908428,-0.909587683
KY,2012,-0.940170357,-0.79380162,-1.014860535,-0.916277504
KY,2013,-0.899429484,-0.797270231,-0.996812642,-0.897837452
KY,2014,-0.911474169,-0.799188891,-0.978764748,-0.896475936
KY,2015,-0.896508889,-0.818261512,-0.960716855,-0.891829085
KY,2016,-0.97169276,-0.815432292,-0.942668962,-0.909931338
KY,2017,-0.90483723,-0.822358394,-0.924621068,-0.883938897
KY,2018,-0.923683011,-0.825107631,-0.906573175,-0.885121272
LA,2000,-0.803500511,-0.605781575,-0.065263687,-0.491515258
LA,2001,-0.81297195,-0.621517924,-0.061098788,-0.498529554
LA,2002,-0.853331747,-0.642154431,-0.05693389,-0.517473356
LA,2003,-0.826664663,-0.638496509,-0.052768991,-0.505976721
LA,2004,-0.853051955,-0.653266178,-0.048604093,-0.518307409
LA,2005,-0.904273243,-0.654332967,-0.044439194,-0.534348468
LA,2006,-0.891791662,-0.682412738,-0.040274296,-0.538159565
LA,2007,-0.828972441,-0.668882885,-0.036109397,-0.511321574
LA,2008,-0.89651454,-0.662554415,-0.031944499,-0.530337818
LA,2009,-0.876301749,-0.670308526,-0.0277796,-0.524796625
LA,2010,-0.840748938,-0.645540772,-0.023614702,-0.503301471
LA,2011,-0.82804222,-0.657715929,-0.019449804,-0.501735984
LA,2012,-0.859502981,-0.654750012,-0.015284905,-0.509845966
LA,2013,-0.83427195,-0.648873217,-0.011120007,-0.498088391
LA,2014,-0.846300411,-0.651939493,-0.006955108,-0.501731671
LA,2015,-0.832562102,-0.661634396,-0.00279021,-0.498995569
LA,2016,-0.894405906,-0.669649234,0.001374689,-0.520893484
LA,2017,-0.888852921,-0.65815187,0.005539587,-0.513821735
LA,2018,-0.875825408,-0.680996366,0.009704486,-0.515705763
MA,2000,0.855195687,-0.129254166,1.23973783,0.65522645
MA,2001,0.831641452,-0.140591641,1.243902729,0.64498418
MA,2002,0.908070095,-0.116181333,1.248067627,0.679985463
MA,2003,1.014452669,-0.12278779,1.252232526,0.714632468
MA,2004,0.961764661,-0.115050996,1.256397424,0.70103703
MA,2005,1.056439266,-0.133724834,1.260562322,0.727758918
MA,2006,0.936605313,-0.155406939,1.264727221,0.681975198
MA,2007,0.916432836,-0.164648095,1.268892119,0.673558953
MA,2008,0.980022853,-0.140973291,1.273057018,0.704035527
MA,2009,0.976191068,-0.144374144,1.277221916,0.703012947
MA,2010,0.999447086,-0.114046192,1.281386815,0.72226257
MA,2011,0.997515284,-0.100646922,1.285551713,0.727473358
MA,2012,1.011980138,-0.098543577,1.289716612,0.734384391
MA,2013,1.120454059,-0.075071431,1.29388151,0.779754713
MA,2014,1.076325438,-0.0629419,1.298046409,0.770476649
MA,2015,1.11781493,-0.054704323,1.302211307,0.788440638
MA,2016,1.145967039,-0.028203781,1.306376205,0.808046488
MA,2017,1.189107187,-0.020644188,1.310541104,0.826334701
MA,2018,1.261814177,0.010737702,1.314706002,0.862419294
MD,2000,0.436156647,-0.390209652,0.871838466,0.305928487
MD,2001,0.450783612,-0.391984925,0.879474114,0.3127576
MD,2002,0.525879129,-0.384534954,0.887109761,0.342817979
MD,2003,0.473941159,-0.396429151,0.894745408,0.324085805
MD,2004,0.51222293,-0.368328729,0.902381055,0.348758419
MD,2005,0.595095146,-0.362792412,0.910016702,0.380773145
MD,2006,0.626430826,-0.341408986,0.917652349,0.400891396
MD,2007,0.641693117,-0.349877201,0.925287997,0.405701304
MD,2008,0.686303957,-0.345514908,0.932923644,0.424570898
MD,2009,0.728089351,-0.306200108,0.940559291,0.454149511
MD,2010,0.852882801,-0.254440986,0.948194938,0.515545584
MD,2011,0.787495394,-0.249861834,0.955830585,0.497821382
MD,2012,0.866778862,-0.237595186,0.963466232,0.530883303
MD,2013,0.859823924,-0.223468444,0.97110188,0.53581912
MD,2014,0.945977923,-0.210191298,0.978737527,0.571508051
MD,2015,0.973934657,-0.211331439,0.986373174,0.582992131
MD,2016,0.960478589,-0.20314345,0.994008821,0.58378132
MD,2017,0.949342559,-0.184850712,1.001644468,0.588712105
MD,2018,0.89490589,-0.171803233,1.009280115,0.577460924
ME,2000,-0.768580591,-0.798661717,-2.314308854,-1.293850387
ME,2001,-0.77834851,-0.807330351,-2.3247211,-1.303466654
ME,2002,-0.786863753,-0.824634893,-2.335133346,-1.315543997
ME,2003,-0.809773678,-0.817415861,-2.345545592,-1.324245044
ME,2004,-0.819752567,-0.843224477,-2.355957838,-1.339644961
ME,2005,-0.871320092,-0.852164057,-2.366370084,-1.363284744
ME,2006,-0.924441608,-0.858081338,-2.376782331,-1.386435092
ME,2007,-0.812811281,-0.874693003,-2.387194577,-1.358232954
ME,2008,-0.880196823,-0.918231437,-2.397606823,-1.398678361
ME,2009,-0.859761635,-0.902933348,-2.408019069,-1.390238017
ME,2010,-0.857033859,-0.95641496,-2.418431315,-1.410626711
ME,2011,-0.892663725,-0.976041077,-2.428843561,-1.432516121
ME,2012,-0.891769931,-0.952717744,-2.439255808,-1.427914494
ME,2013,-0.932008251,-0.985239782,-2.449668054,-1.455638696
ME,2014,-0.895180729,-0.995521422,-2.4600803,-1.450260817
ME,2015,-0.976442374,-0.984677822,-2.470492546,-1.477204247
ME,2016,-0.817119052,-1.000090832,-2.480904792,-1.432704892
ME,2017,-0.936805847,-1.005883333,-2.491317038,-1.478002073
ME,2018,-0.939635545,-1.017255983,-2.501729284,-1.486206937
MI,2000,-0.349541552,-0.51501445,0.080507759,-0.261349414
MI,2001,-0.310932069,-0.523146639,0.07981361,-0.251421699
MI,2002,-0.37143879,-0.534812982,0.07911946,-0.275710771
MI,2003,-0.319935122,-0.533249832,0.07842531,-0.258253215
MI,2004,-0.320261756,-0.558287028,0.07773116,-0.266939208
MI,2005,-0.344069669,-0.560623503,0.077037011,-0.275885387
MI,2006,-0.402042472,-0.558411373,0.076342861,-0.294703661
MI,2007,-0.376459962,-0.586558838,0.075648711,-0.29579003
MI,2008,-0.439618479,-0.60119193,0.074954561,-0.321951949
MI,2009,-0.413178545,-0.609623789,0.074260412,-0.316180641
MI,2010,-0.482480686,-0.635512572,0.073566262,-0.348142332
MI,2011,-0.440313193,-0.637820608,0.072872112,-0.33508723
MI,2012,-0.456166102,-0.644817754,0.072177962,-0.342935298
MI,2013,-0.443326748,-0.648873217,0.071483813,-0.340238717
MI,2014,-0.438964426,-0.651939493,0.070789663,-0.340038085
MI,2015,-0.432894677,-0.661634396,0.070095513,-0.341477853
MI,2016,-0.430684782,-0.659930364,0.069401364,-0.340404594
MI,2017,-0.393339357,-0.677470285,0.068707214,-0.334034143
MI,2018,-0.413201916,-0.680996366,0.068013064,-0.342061739
MN,2000,-0.349541552,-0.560398013,-0.183269143,-0.364402903
MN,2001,-0.258996909,-0.56686721,-0.166609549,-0.330824556
MN,2002,-0.205268805,-0.556281272,-0.149949955,-0.303833344
MN,2003,-0.303044137,-0.564823835,-0.133290361,-0.333719444
MN,2004,-0.303612062,-0.568840267,-0.116630768,-0.329694366
MN,2005,-0.278163366,-0.571035665,-0.099971174,-0.316390068
MN,2006,-0.287767661,-0.56874482,-0.08331158,-0.313274687
MN,2007,-0.295654162,-0.576268332,-0.066651986,-0.31285816
MN,2008,-0.260123598,-0.590964849,-0.049992392,-0.30036028
MN,2009,-0.297397744,-0.609623789,-0.033332798,-0.313451444
MN,2010,-0.270776718,-0.605427973,-0.016673205,-0.297625965
MN,2011,-0.246448679,-0.607977625,-1.36E-05,-0.284813301
MN,2012,-0.230297449,-0.61502098,0.016645983,-0.276224149
MN,2013,-0.264143531,-0.629086949,0.033305577,-0.286641634
MN,2014,-0.178269396,-0.622489613,0.049965171,-0.250264613
MN,2015,-0.161120828,-0.642056007,0.066624765,-0.245517357
MN,2016,-0.214281591,-0.650211493,0.083284358,-0.260402909
MN,2017,-0.121606112,-0.648492663,0.099943952,-0.223384941
MN,2018,-0.157961368,-0.652174113,0.116603546,-0.231177312
MO,2000,-0.786040551,-0.651165138,-0.287391604,-0.574865764
MO,2001,-0.77834851,-0.654308352,-0.280450107,-0.571035656
MO,2002,-0.770246754,-0.68509101,-0.27350861,-0.576282125
MO,2003,-0.759100724,-0.659545845,-0.266567112,-0.561737894
MO,2004,-0.803102873,-0.663819416,-0.259625615,-0.575515968
MO,2005,-0.772460637,-0.675157292,-0.252684117,-0.566767349
MO,2006,-0.842816743,-0.682412738,-0.24574262,-0.590324034
MO,2007,-0.812811281,-0.689463897,-0.238801122,-0.580358767
MO,2008,-0.798608241,-0.703462739,-0.231859625,-0.577976868
MO,2009,-0.826681406,-0.690536771,-0.224918127,-0.580712101
MO,2010,-0.808179097,-0.725766369,-0.21797663,-0.583974032
MO,2011,-0.763420716,-0.727349555,-0.211035133,-0.567268468
MO,2012,-0.82723603,-0.744140331,-0.204093635,-0.591823332
MO,2013,-0.850561334,-0.737911425,-0.197152138,-0.595208299
MO,2014,-0.895180729,-0.750105759,-0.19021064,-0.611832376
MO,2015,-0.864535495,-0.759526344,-0.183269143,-0.602443661
MO,2016,-0.832576423,-0.757119069,-0.176327645,-0.588674379
MO,2017,-0.840899996,-0.754743943,-0.169386148,-0.588343362
MO,2018,-0.843920339,-0.777070542,-0.162444651,-0.594478511
MS,2000,-1.030479991,-0.741932264,-1.717340075,-1.163250777
MS,2001,-1.038024311,-0.741749494,-1.713175176,-1.164316327
MS,2002,-1.102586725,-0.781698314,-1.709010278,-1.197765106
MS,2003,-1.063138449,-0.754267854,-1.704845379,-1.174083894
MS,2004,-1.119447054,-0.779905044,-1.700680481,-1.20001086
MS,2005,-1.101992151,-0.779278918,-1.696515583,-1.192595551
MS,2006,-1.071366365,-0.796080655,-1.692350684,-1.186599235
MS,2007,-1.087551001,-0.802659462,-1.688185786,-1.19279875
MS,2008,-1.059691704,-0.826187709,-1.684020887,-1.189966767
MS,2009,-1.091323237,-0.811906244,-1.679855989,-1.194361823
MS,2010,-1.101307668,-0.826048365,-1.67569109,-1.201015708
MS,2011,-1.070372863,-0.816878503,-1.671526192,-1.186259186
MS,2012,-1.133772059,-0.843462909,-1.667361293,-1.21486542
MS,2013,-1.111191468,-0.846735902,-1.663196395,-1.207041255
MS,2014,-1.15587576,-0.858088651,-1.659031496,-1.224331969
MS,2015,-1.120322647,-0.857418291,-1.654866598,-1.210869179
MS,2016,-1.188095951,-0.864026645,-1.6507017,-1.234274765
MS,2017,-1.176570475,-0.880313638,-1.646536801,-1.234473638
MS,2018,-1.131065955,-0.892359554,-1.642371903,-1.221932471
MT,2000,-0.943180191,-0.651165138,-1.349440711,-0.981262013
MT,2001,-1.020712591,-0.68709878,-1.336946016,-1.014919129
MT,2002,-1.019501732,-0.68509101,-1.32445132,-1.009681354
MT,2003,-1.029356479,-0.670070512,-1.311956625,-1.003794539
MT,2004,-1.069497973,-0.716585611,-1.29946193,-1.028515171
MT,2005,-0.986656121,-0.70639378,-1.286967234,-0.993339045
MT,2006,-1.055041392,-0.765080314,-1.274472539,-1.031531415
MT,2007,-1.119873321,-0.73062592,-1.261977843,-1.037492361
MT,2008,-1.043373988,-0.693235658,-1.249483148,-0.995364265
MT,2009,-1.074783123,-0.741107385,-1.236988453,-1.01762632
MT,2010,-1.117592588,-0.785935566,-1.224493757,-1.04267397
MT,2011,-1.118838991,-0.78703552,-1.211999062,-1.039291191
MT,2012,-1.149905534,-0.803733878,-1.199504367,-1.051047926
MT,2013,-1.176349002,-0.797270231,-1.187009671,-1.053542968
MT,2014,-1.123288881,-0.799188891,-1.174514976,-1.032330916
MT,2015,-1.152296041,-0.788893928,-1.16202028,-1.034403416
MT,2016,-1.126266468,-0.805713422,-1.149525585,-1.027168492
MT,2017,-1.160586166,-0.793380773,-1.13703089,-1.03033261
MT,2018,-1.162971024,-0.796285378,-1.124536194,-1.027930865
NC,2000,-0.332081592,-0.35617198,-0.926009368,-0.538087647
NC,2001,-0.293620349,-0.370124639,-0.885054533,-0.516266507
NC,2002,-0.288353798,-0.320130085,-0.844099698,-0.484194527
NC,2003,-0.286153153,-0.312231809,-0.803144863,-0.467176608
NC,2004,-0.253662981,-0.294456057,-0.762190029,-0.436769689
NC,2005,-0.261686791,-0.279495111,-0.721235194,-0.420805699
NC,2006,-0.238792742,-0.279408303,-0.680280359,-0.399493801
NC,2007,-0.247170682,-0.267553154,-0.639325524,-0.38468312
NC,2008,-0.243805881,-0.263698261,-0.598370689,-0.368624944
NC,2009,-0.231237286,-0.265743617,-0.557415854,-0.351465586
NC,2010,-0.205637036,-0.234384587,-0.51646102,-0.318827548
NC,2011,-0.246448679,-0.229966513,-0.475506185,-0.317307126
NC,2012,-0.181897024,-0.237595186,-0.43455135,-0.284681187
NC,2013,-0.215275381,-0.243254713,-0.393596515,-0.284042203
NC,2014,-0.243443153,-0.239641178,-0.35264168,-0.278575337
NC,2015,-0.209080919,-0.250488218,-0.311686845,-0.257085327
NC,2016,-0.245196333,-0.251737803,-0.270732011,-0.255888716
NC,2017,-0.233496272,-0.252465163,-0.229777176,-0.238579537
NC,2018,-0.253676574,-0.248662574,-0.188822341,-0.230387163
ND,2000,-0.943180191,-0.753278154,-1.224493757,-0.973650701
ND,2001,-0.88221883,-0.76360978,-1.196727768,-0.947518793
ND,2002,-0.919799741,-0.770964169,-1.168961778,-0.953241896
ND,2003,-0.877337617,-0.754267854,-1.141195788,-0.924267086
ND,2004,-0.91965073,-0.822117999,-1.113429798,-0.951732842
ND,2005,-0.970179546,-0.768866756,-1.085663809,-0.941570037
ND,2006,-0.9897415,-0.806414102,-1.057897819,-0.95135114
ND,2007,-1.039067521,-0.843821486,-1.030131829,-0.971006945
ND,2008,-1.027056271,-0.805733547,-1.00236584,-0.945051886
ND,2009,-0.975542436,-0.852362735,-0.97459985,-0.93416834
ND,2010,-1.036167985,-0.876189363,-0.94683386,-0.953063736
ND,2011,-1.054217487,-0.866616807,-0.91906787,-0.946634055
ND,2012,-0.988570782,-0.863327424,-0.891301881,-0.914400029
ND,2013,-1.029744551,-0.886308439,-0.863535891,-0.926529627
ND,2014,-0.895180729,-0.88753853,-0.835769901,-0.87282972
ND,2015,-0.960455677,-0.808472317,-0.808003912,-0.858977302
ND,2016,-1.002607502,-0.834870033,-0.780237922,-0.872571819
ND,2017,-0.824915687,-0.812699187,-0.752471932,-0.796695602
ND,2018,-0.764157668,-0.834715048,-0.724705942,-0.774526219
NE,2000,-0.524141152,-0.276750745,-0.259625615,-0.353505837
NE,2001,-0.50136099,-0.249893069,-0.236718673,-0.329324244
NE,2002,-0.570842772,-0.244991071,-0.213811732,-0.343215192
NE,2003,-0.522626938,-0.249083803,-0.19090479,-0.320871844
NE,2004,-0.536707774,-0.210030146,-0.167997849,-0.304911923
NE,2005,-0.442929123,-0.19619781,-0.145090907,-0.261405947
NE,2006,-0.451017391,-0.18640728,-0.122183966,-0.253202879
NE,2007,-0.408782282,-0.216100624,-0.099277024,-0.241386643
NE,2008,-0.406983046,-0.171654534,-0.076370083,-0.218335888
NE,2009,-0.462798888,-0.184830635,-0.053463141,-0.233697555
NE,2010,-0.466195765,-0.15415899,-0.030556199,-0.216970318
NE,2011,-0.440313193,-0.150385226,-0.007649258,-0.199449226
NE,2012,-0.375498726,-0.148204866,0.015257684,-0.169481969
NE,2013,-0.475905515,-0.14432337,0.038164625,-0.19402142
NE,2014,-0.455257866,-0.131658286,0.061071567,-0.175281528
NE,2015,-0.448881374,-0.123228687,0.083978508,-0.162710518
NE,2016,-0.337940558,-0.115673616,0.10688545,-0.115576241
NE,2017,-0.265464889,-0.107577054,0.129792391,-0.081083184
NE,2018,-0.381296847,-0.094943892,0.152699333,-0.107847135
NH,2000,-0.541601112,-0.696548701,-0.988482845,-0.742210886
NH,2001,-0.48404927,-0.708959066,-0.981541347,-0.724849894
NH,2002,-0.520991777,-0.717293445,-0.97459985,-0.737628357
NH,2003,-0.471953984,-0.712169183,-0.967658352,-0.717260506
NH,2004,-0.503408387,-0.716585611,-0.960716855,-0.726903618
NH,2005,-0.37702282,-0.758454593,-0.953775358,-0.69641759
NH,2006,-0.418367445,-0.74441342,-0.94683386,-0.703204908
NH,2007,-0.602716201,-0.73062592,-0.939892363,-0.757744828
NH,2008,-0.586477927,-0.713689819,-0.932950865,-0.74437287
NH,2009,-0.512419232,-0.751221507,-0.926009368,-0.729883369
NH,2010,-0.563905289,-0.805991966,-0.91906787,-0.762988375
NH,2011,-0.569556202,-0.806930842,-0.912126373,-0.762871139
NH,2012,-0.536833477,-0.803733878,-0.905184876,-0.748584077
NH,2013,-0.541063049,-0.807163365,-0.898243378,-0.748823264
NH,2014,-0.536725063,-0.818822144,-0.891301881,-0.748949696
NH,2015,-0.57677495,-0.818261512,-0.884360383,-0.759798948
NH,2016,-0.554343749,-0.795994551,-0.877418886,-0.742585729
NH,2017,-0.505229517,-0.80303998,-0.870477388,-0.726248962
NH,2018,-0.540822189,-0.796285378,-0.863535891,-0.733547819
NJ,2000,1.798033526,0.619574619,1.447982753,1.288530299
NJ,2001,1.853032934,0.624518355,1.450065202,1.309205497
NJ,2002,1.871856008,0.635208807,1.452147651,1.319737489
NJ,2003,1.926565843,0.634988287,1.454230101,1.338594744
NJ,2004,1.81089904,0.644782201,1.45631255,1.30399793
NJ,2005,1.863791475,0.647187365,1.458394999,1.323124613
NJ,2006,1.932428666,0.640268483,1.460477448,1.344391532
NJ,2007,1.869941275,0.648301873,1.462559898,1.326934349
NJ,2008,1.893814975,0.656739016,1.464642347,1.338398779
NJ,2009,1.95205782,0.654641551,1.466724796,1.357808056
NJ,2010,2.009112161,0.708266177,1.468807245,1.395395194
NJ,2011,2.031459357,0.715061268,1.470889695,1.40580344
NJ,2012,1.996122123,0.735766075,1.472972144,1.401620114
NJ,2013,2.065238296,0.755951847,1.475054593,1.432081579
NJ,2014,2.070225241,0.781287984,1.477137042,1.442883422
NJ,2015,2.077016749,0.787166423,1.479219491,1.447800888
NJ,2016,2.027037174,0.797900212,1.481301941,1.435413109
NJ,2017,2.132181391,0.81004764,1.48338439,1.475204474
NJ,2018,2.155156093,0.808153364,1.485466839,1.482925432
NM,2000,0.174257248,3.853153465,0.101332252,1.376247655
NM,2001,-0.016632829,3.794259766,0.117991846,1.298539594
NM,2002,0.210156158,3.737376671,0.134651439,1.360728089
NM,2003,0.355704266,3.655567926,0.151311033,1.387527742
NM,2004,0.19587875,3.663008513,0.167970627,1.342285963
NM,2005,0.084321299,3.61465372,0.184630221,1.29453508
NM,2006,0.250956448,3.647301572,0.201289815,1.366515945
NM,2007,0.189180637,3.570805555,0.217949409,1.325978534
NM,2008,0.147819314,3.591911224,0.234609002,1.324779847
NM,2009,0.248426033,3.577623018,0.251268596,1.359105882
NM,2010,0.217770899,3.586359468,0.26792819,1.357352852
NM,2011,0.222057229,3.560092272,0.284587784,1.355579095
NM,2012,0.076238579,3.566459536,0.301247378,1.314648498
NM,2013,0.257116738,3.565601975,0.317906971,1.380208561
NM,2014,0.19647971,3.559393299,0.334566565,1.363479858
NM,2015,0.030719535,3.567297725,0.351226159,1.316414473
NM,2016,0.063951083,3.567778306,0.367885753,1.333205047
NM,2017,-0.025700261,3.543603307,0.384545347,1.300816131
NM,2018,-0.01438856,3.546267385,0.401204941,1.311027922
NV,2000,1.518674166,1.345711623,1.246679328,1.370355039
NV,2001,1.472175093,1.356837922,1.265421371,1.364811462
NV,2002,1.589367034,1.397333092,1.284163414,1.42362118
NV,2003,1.605637133,1.424338367,1.302905457,1.444293652
NV,2004,1.694351184,1.47848807,1.3216475,1.498162251
NV,2005,1.517783385,1.490572539,1.340389543,1.449581822
NV,2006,1.752853963,1.528944929,1.359131586,1.546976826
NV,2007,1.821457795,1.595028418,1.377873629,1.598119947
NV,2008,1.77959096,1.628311698,1.396615672,1.60150611
NV,2009,1.770116561,1.645825578,1.415357715,1.610433285
NV,2010,1.667128829,1.590747744,1.434099758,1.56399211
NV,2011,1.708351834,1.610350745,1.452841801,1.590514793
NV,2012,1.689586095,1.609804758,1.471583844,1.590324899
NV,2013,1.658003711,1.606761392,1.490325887,1.58503033
NV,2014,1.695476135,1.605884615,1.50906793,1.603476227
NV,2015,1.64537593,1.60945878,1.527809973,1.594214894
NV,2016,1.717889758,1.624004205,1.546552017,1.629481993
NV,2017,1.70060506,1.631080261,1.56529406,1.63232646
NV,2018,1.628722464,1.615176444,1.584036103,1.60931167
NY,2000,2.304372366,0.812454761,0.96901943,1.361948852
NY,2001,2.233890774,0.843121211,0.971796029,1.349602671
NY,2002,2.220812977,0.83915756,0.974572628,1.344847722
NY,2003,2.196821598,0.813907638,0.977349227,1.329359488
NY,2004,2.193841996,0.760867829,0.980125826,1.311611884
NY,2005,2.160369838,0.730484666,0.982902425,1.29125231
NY,2006,2.160978288,0.712602613,0.985679024,1.286419975
NY,2007,2.177003315,0.689463897,0.988455623,1.284974278
NY,2008,2.171216155,0.677193178,0.991232222,1.279880518
NY,2009,2.133999079,0.664755674,0.994008821,1.264254525
NY,2010,2.204531208,0.698237977,0.99678542,1.299851535
NY,2011,2.176857743,0.705113608,0.999562019,1.293844457
NY,2012,2.254257726,0.705969302,1.002338618,1.320855215
NY,2013,2.195553363,0.706486175,1.005115217,1.302384918
NY,2014,2.216866196,0.702754972,1.007891816,1.309170995
NY,2015,2.204910325,0.69906367,1.010668415,1.304880803
NY,2016,2.135238769,0.700711507,1.013445014,1.283131763
NY,2017,2.164150008,0.694137152,1.016221613,1.291502924
NY,2018,2.155156093,0.673649518,1.018998212,1.282601274
OH,2000,-0.733660671,-0.673856919,0.26792819,-0.379863133
OH,2001,-0.77834851,-0.665238495,0.271398939,-0.390729355
OH,2002,-0.737012757,-0.68509101,0.274869687,-0.38241136
OH,2003,-0.759100724,-0.691119848,0.278340436,-0.390626712
OH,2004,-0.753153792,-0.706032372,0.281811185,-0.392458326
OH,2005,-0.788937213,-0.716805942,0.285281934,-0.406820407
OH,2006,-0.793841824,-0.734079973,0.288752682,-0.413056372
OH,2007,-0.780488961,-0.73062592,0.292223431,-0.40629715
OH,2008,-0.765972808,-0.754598143,0.29569418,-0.408292257
OH,2009,-0.810141292,-0.751221507,0.299164928,-0.420732624
OH,2010,-0.775609256,-0.765879167,0.302635677,-0.412950915
OH,2011,-0.811886844,-0.77708786,0.306106426,-0.427622759
OH,2012,-0.82723603,-0.783869362,0.309577175,-0.433842739
OH,2013,-0.801693183,-0.787377097,0.313047923,-0.425340786
OH,2014,-0.813713532,-0.789372265,0.316518672,-0.428855708
OH,2015,-0.800588708,-0.798683123,0.319989421,-0.42642747
OH,2016,-0.832576423,-0.795994551,0.323460169,-0.435036935
OH,2017,-0.79294707,-0.80303998,0.326930918,-0.423018711
OH,2018,-0.764157668,-0.796285378,0.330401667,-0.410013793
OK,2000,-0.611440952,-0.322134308,-0.571992999,-0.501856086
OK,2001,-0.57060787,-0.304543783,-0.565745651,-0.480299101
OK,2002,-0.587459771,-0.30939594,-0.559498304,-0.485451338
OK,2003,-0.573299892,-0.301707142,-0.553250956,-0.476085997
OK,2004,-0.586656855,-0.26279634,-0.547003608,-0.465485601
OK,2005,-0.624171456,-0.289907274,-0.540756261,-0.484944997
OK,2006,-0.581617175,-0.269074856,-0.534508913,-0.461733648
OK,2007,-0.538071562,-0.246972142,-0.528261565,-0.437768423
OK,2008,-0.57016021,-0.233017019,-0.522014217,-0.441730482
OK,2009,-0.545499461,-0.20505888,-0.51576687,-0.422108404
OK,2010,-0.531335448,-0.194271789,-0.509519522,-0.41170892
OK,2011,-0.553400826,-0.180228208,-0.503272174,-0.412300403
OK,2012,-0.536833477,-0.178001639,-0.497024827,-0.403953314
OK,2013,-0.524773665,-0.164109639,-0.490777479,-0.393220261
OK,2014,-0.569311941,-0.161108165,-0.484530131,-0.404983412
OK,2015,-0.528814859,-0.152596271,-0.478282784,-0.386564638
OK,2016,-0.58525849,-0.144830227,-0.472035436,-0.400708051
OK,2017,-0.601135368,-0.136554676,-0.465788088,-0.401159377
OK,2018,-0.572727258,-0.123766145,-0.459540741,-0.385344715
OR,2000,0.226637128,0.018242412,0.358167657,0.201015732
OR,2001,0.139172651,0.034290644,0.374133101,0.182532132
OR,2002,0.160305162,0.04483084,0.390098545,0.198411516
OR,2003,0.169903434,0.045606894,0.406063989,0.207191439
OR,2004,0.19587875,0.074907303,0.422029433,0.230938495
OR,2005,0.232610481,0.095342744,0.437994877,0.255316034
OR,2006,0.201981529,0.082262343,0.453960321,0.246068064
OR,2007,0.237664117,0.082324047,0.469925765,0.263304643
OR,2008,0.196772463,0.10447665,0.485891209,0.262380107
OR,2009,0.215345804,0.098364801,0.501856653,0.271855753
OR,2010,0.168916137,0.1065742,0.517822097,0.264437478
OR,2011,0.108969596,0.108253956,0.533787542,0.250337031
OR,2012,0.108505529,0.100101578,0.549752986,0.252786698
OR,2013,0.224537971,0.103004986,0.56571843,0.297753796
OR,2014,0.115012513,0.103940752,0.581683874,0.266879046
OR,2015,0.094666323,0.101922792,0.597649318,0.264746144
OR,2016,0.079408454,0.098141536,0.613614762,0.263721584
OR,2017,0.054221282,0.095266299,0.629580206,0.259689262
OR,2018,0.113231713,0.106811878,0.64554565,0.288529747
PA,2000,-0.541601112,-0.51501445,0.247103698,-0.269837288
PA,2001,-0.51867271,-0.523146639,0.258210094,-0.261203085
PA,2002,-0.520991777,-0.545547127,0.269316489,-0.265740805
PA,2003,-0.539517923,-0.5437745,0.280422885,-0.267623179
PA,2004,-0.553357468,-0.53718055,0.291529281,-0.266336246
PA,2005,-0.508835426,-0.529387015,0.302635677,-0.245195588
PA,2006,-0.548967229,-0.537744479,0.313742073,-0.257656545
PA,2007,-0.505749242,-0.524815802,0.324848469,-0.235238858
PA,2008,-0.504889345,-0.539829445,0.335954865,-0.236254642
PA,2009,-0.528959346,-0.518596685,0.347061261,-0.233498257
PA,2010,-0.498765606,-0.505145977,0.358167657,-0.215247975
PA,2011,-0.472623945,-0.498553356,0.369274052,-0.200634416
PA,2012,-0.472299577,-0.495833887,0.380380448,-0.195917672
PA,2013,-0.427037365,-0.490583069,0.391486844,-0.175377863
PA,2014,-0.455257866,-0.485056842,0.40259324,-0.179240489
PA,2015,-0.464868071,-0.475639697,0.413699636,-0.175602711
PA,2016,-0.430684782,-0.465552954,0.424806032,-0.157143901
PA,2017,-0.425307974,-0.455308517,0.435912428,-0.148234688
PA,2018,-0.365344313,-0.440810926,0.447018824,-0.119712138
RI,2000,0.715516007,0.086317757,1.205030343,0.668954702
RI,2001,0.762394572,0.099871501,1.203642043,0.688636039
RI,2002,0.658815117,0.109235709,1.202253744,0.65676819
RI,2003,0.625960021,0.119279568,1.200865445,0.648701678
RI,2004,0.728668949,0.169886453,1.199477145,0.699344182
RI,2005,0.6939546,0.189052208,1.198088846,0.693698551
RI,2006,0.659080772,0.185596814,1.196700546,0.680459377
RI,2007,0.738660077,0.205810118,1.195312247,0.713260814
RI,2008,0.669986241,0.155612054,1.193923947,0.673174081
RI,2009,0.728089351,0.16916366,1.192535648,0.69659622
RI,2010,0.592324072,0.176771597,1.191147348,0.653414339
RI,2011,0.755184642,0.187835243,1.189759049,0.710926311
RI,2012,0.753844536,0.209356414,1.188370749,0.717190566
RI,2013,0.680640707,0.231615731,1.18698245,0.699746296
RI,2014,0.636402574,0.25119015,1.18559415,0.691062291
RI,2015,0.702160809,0.268339102,1.184205851,0.718235254
RI,2016,0.744075398,0.311956687,1.182817551,0.746283212
RI,2017,0.629656389,0.327087275,1.181429252,0.712724305
RI,2018,0.671570411,0.366212154,1.180040952,0.739274506
SC,2000,-0.751120631,-0.617127466,-0.905184876,-0.757810991
SC,2001,-0.81297195,-0.665238495,-0.86492419,-0.781044878
SC,2002,-0.70377876,-0.620686141,-0.824663505,-0.716376135
SC,2003,-0.759100724,-0.659545845,-0.78440282,-0.734349796
SC,2004,-0.669905324,-0.621606461,-0.744142135,-0.678551307
SC,2005,-0.673601183,-0.612684316,-0.70388145,-0.663388983
SC,2006,-0.712216959,-0.610078609,-0.663620765,-0.661972111
SC,2007,-0.667360841,-0.596849343,-0.62336008,-0.629190088
SC,2008,-0.684384226,-0.611419011,-0.583099395,-0.626300877
SC,2009,-0.661280262,-0.579281421,-0.54283871,-0.594466798
SC,2010,-0.694184653,-0.575343374,-0.502578025,-0.590702017
SC,2011,-0.666488459,-0.578134643,-0.46231734,-0.568980147
SC,2012,-0.682034754,-0.585224207,-0.422056654,-0.563105205
SC,2013,-0.671378116,-0.589514412,-0.381795969,-0.547562832
SC,2014,-0.732246335,-0.60285636,-0.341535284,-0.558879326
SC,2015,-0.720655223,-0.622477617,-0.301274599,-0.548135813
SC,2016,-0.708917457,-0.611336011,-0.261013914,-0.527089127
SC,2017,-0.760978453,-0.609855834,-0.220753229,-0.530529172
SC,2018,-0.716300066,-0.613744443,-0.180492544,-0.503512351
SD,2000,-0.943180191,-0.741932264,-1.502153655,-1.062422037
SD,2001,-0.86490711,-0.708959066,-1.468834467,-1.014233548
SD,2002,-0.969650736,-0.749495879,-1.435515279,-1.051553965
SD,2003,-1.046247464,-0.754267854,-1.402196092,-1.06757047
SD,2004,-1.052848279,-0.758798566,-1.368876904,-1.060174583
SD,2005,-0.937226394,-0.789691081,-1.335557716,-1.020825064
SD,2006,-1.022391446,-0.796080655,-1.302238529,-1.040236877
SD,2007,-1.071389841,-0.689463897,-1.268919341,-1.00992436
SD,2008,-1.076009421,-0.734143981,-1.235600153,-1.015251185
SD,2009,-1.058243008,-0.791677998,-1.202280966,-1.017400657
SD,2010,-1.019883065,-0.816020165,-1.168961778,-1.001621669
SD,2011,-0.973440606,-0.806930842,-1.13564259,-0.972004679
SD,2012,-1.004704257,-0.823598393,-1.102323403,-0.976875351
SD,2013,-1.013455168,-0.797270231,-1.069004215,-0.959909871
SD,2014,-1.041821684,-0.789372265,-1.035685027,-0.955626325
SD,2015,-0.976442374,-0.798683123,-1.00236584,-0.925830446
SD,2016,-0.925320648,-0.786275681,-0.969046652,-0.89354766
SD,2017,-0.952790155,-0.812699187,-0.935727464,-0.900405602
SD,2018,-0.987493147,-0.796285378,-0.902408277,-0.895395601
TN,2000,-0.786040551,-0.651165138,-0.689998455,-0.709068048
TN,2001,-0.76103679,-0.654308352,-0.670562262,-0.695302468
TN,2002,-0.737012757,-0.652888575,-0.65112607,-0.680342467
TN,2003,-0.792882693,-0.649021177,-0.631689877,-0.691197916
TN,2004,-0.703204711,-0.6321597,-0.612253684,-0.649206032
TN,2005,-0.739507486,-0.643920804,-0.592817491,-0.658748594
TN,2006,-0.744866905,-0.651412397,-0.573381298,-0.656553533
TN,2007,-0.732005481,-0.638011367,-0.553945106,-0.641320651
TN,2008,-0.717019659,-0.631873173,-0.534508913,-0.627800582
TN,2009,-0.727440719,-0.619737912,-0.51507272,-0.62075045
TN,2010,-0.694184653,-0.625484372,-0.495636527,-0.605101851
TN,2011,-0.666488459,-0.627872947,-0.476200334,-0.590187247
TN,2012,-0.730435179,-0.624953238,-0.456764142,-0.604050853
TN,2013,-0.703956883,-0.638980083,-0.437327949,-0.593421638
TN,2014,-0.683366017,-0.642122866,-0.417891756,-0.58112688
TN,2015,-0.704668526,-0.642056007,-0.398455563,-0.581726699
TN,2016,-0.708917457,-0.640492623,-0.37901937,-0.57614315
TN,2017,-0.697041219,-0.638833456,-0.359583178,-0.565152618
TN,2018,-0.684394997,-0.642566696,-0.340146985,-0.555702893
TX,2000,1.169474967,2.729910287,0.621944559,1.507109938
TX,2001,1.264434453,2.723105772,0.637215853,1.541585359
TX,2002,1.323495058,2.739101199,0.652487148,1.571694468
TX,2003,1.352272363,2.834643843,0.667758442,1.618224883
TX,2004,1.178210679,2.734323494,0.683029736,1.531854636
TX,2005,1.287111325,2.729619895,0.698301031,1.571677417
TX,2006,1.214129854,2.706957891,0.713572325,1.54488669
TX,2007,1.223494876,2.706403057,0.728843619,1.552913851
TX,2008,1.241106317,2.681701027,0.744114914,1.555640753
TX,2009,1.257373013,2.697694341,0.759386208,1.571484521
TX,2010,1.243720894,2.703877902,0.774657502,1.574085433
TX,2011,1.239845926,2.704593439,0.789928797,1.578122721
TX,2012,1.20558184,2.692420853,0.805200091,1.567734261
TX,2013,1.250769126,2.685113026,0.820471385,1.585451179
TX,2014,1.255553271,2.666080283,0.83574268,1.585792078
TX,2015,1.229721809,2.656902615,0.851013974,1.579212799
TX,2016,1.223253892,2.654204479,0.866285268,1.58124788
TX,2017,1.237060113,2.645297028,0.881556563,1.587971235
TX,2018,1.245861643,2.633562711,0.896827857,1.59208407
UT,2000,-0.017802312,0.131701319,1.017609912,0.37716964
UT,2001,-0.016632829,0.121731786,1.034269506,0.379789488
UT,2002,-0.072332817,0.141438144,1.0509291,0.373344809
UT,2003,-0.083461336,0.140328903,1.067588694,0.374818754
UT,2004,-0.170414512,0.180439692,1.084248288,0.364757823
UT,2005,-0.063967882,0.168227883,1.100907882,0.401722628
UT,2006,0.006081853,0.216597155,1.117567475,0.446748828
UT,2007,-0.037075602,0.205810118,1.134227069,0.434320528
UT,2008,-0.031675567,0.186293296,1.150886663,0.435168131
UT,2009,-0.115456485,0.209620151,1.167546257,0.420569974
UT,2010,-0.059072751,0.226912595,1.184205851,0.450681898
UT,2011,-0.052584165,0.227625887,1.200865445,0.458635722
UT,2012,-0.085096173,0.219288671,1.217525038,0.450572512
UT,2013,-0.101249697,0.211829463,1.234184632,0.448254799
UT,2014,-0.080508759,0.202107017,1.250844226,0.457480828
UT,2015,-0.161120828,0.199814739,1.26750382,0.435399244
UT,2016,-0.167909479,0.195330241,1.284163414,0.437194725
UT,2017,-0.105621803,0.20151758,1.300823008,0.465572928
UT,2018,-0.173913902,0.193278637,1.317482601,0.445615779
VA,2000,0.139337328,-0.35617198,-0.037497697,-0.08477745
VA,2001,0.156484371,-0.348264354,-0.020143953,-0.070641312
VA,2002,0.193539159,-0.341598375,-0.00279021,-0.050283142
VA,2003,0.237467373,-0.343805813,0.014563534,-0.030591635
VA,2004,0.279127218,-0.326115773,0.031917277,-0.005023759
VA,2005,0.282040208,-0.331555924,0.049271021,-8.16E-05
VA,2006,0.299931367,-0.341408986,0.066624765,0.008382382
VA,2007,0.286147597,-0.339586695,0.083978508,0.010179803
VA,2008,0.294678762,-0.325060747,0.101332252,0.023650089
VA,2009,0.298046376,-0.306200108,0.118685995,0.036844088
VA,2010,0.413189945,-0.294553785,0.136039739,0.084891966
VA,2011,0.38361099,-0.289652478,0.153393482,0.082450665
VA,2012,0.447308507,-0.267391959,0.170747226,0.116887925
VA,2013,0.436299956,-0.263040981,0.18810097,0.120453315
VA,2014,0.506055059,-0.259274431,0.205454713,0.150745114
VA,2015,0.478347051,-0.260277413,0.222808457,0.146959365
VA,2016,0.543129578,-0.271175544,0.2401622,0.170705411
VA,2017,0.485797612,-0.262124371,0.257515944,0.160396395
VA,2018,0.496092535,-0.248662574,0.274869687,0.174099883
VT,2000,-0.611440952,-0.787315826,-2.453138802,-1.283965193
VT,2001,-0.65716647,-0.785470066,-2.448279754,-1.296972097
VT,2002,-0.637310766,-0.813900748,-2.443420706,-1.29821074
VT,2003,-0.742209739,-0.827940528,-2.438561658,-1.336237308
VT,2004,-0.669905324,-0.843224477,-2.43370261,-1.315610804
VT,2005,-0.805413789,-0.883400545,-2.428843561,-1.372552632
VT,2006,-0.859141716,-0.858081338,-2.423984513,-1.380402522
VT,2007,-0.812811281,-0.884983509,-2.419125465,-1.372306752
VT,2008,-0.733337375,-0.908004356,-2.414266417,-1.351869383
VT,2009,-0.84322152,-0.892819225,-2.409407369,-1.381816038
VT,2010,-0.710469574,-0.926330361,-2.40454832,-1.347116085
VT,2011,-0.811886844,-0.956145755,-2.399689272,-1.389240624
VT,2012,-0.76270213,-0.932853229,-2.394830224,-1.363461861
VT,2013,-0.752825033,-0.965453513,-2.389971176,-1.369416574
VT,2014,-0.86259385,-0.966071543,-2.385112128,-1.404592507
VT,2015,-0.768615314,-0.974888628,-2.380253079,-1.374585674
VT,2016,-0.878948535,-0.951496479,-2.375394031,-1.401946348
VT,2017,-0.729009836,-0.967246504,-2.370534983,-1.355597108
VT,2018,-0.764157668,-0.98843373,-2.365675935,-1.372755778
WA,2000,0.575836327,-0.038487041,0.587237072,0.374862119
WA,2001,0.485407052,-0.042220356,0.601814216,0.348333637
WA,2002,0.525879129,-0.030308174,0.616391361,0.370654105
WA,2003,0.423268205,-0.049115116,0.630968506,0.335040532
WA,2004,0.578821705,-0.030625085,0.64554565,0.39791409
WA,2005,0.6939546,-0.029603208,0.660122795,0.441491396
WA,2006,0.691730718,-0.021072127,0.674699939,0.448452843
WA,2007,0.674015437,-0.010290506,0.689277084,0.451000672
WA,2008,0.653668524,-0.018248321,0.703854229,0.446424811
WA,2009,0.628848665,0.007337697,0.718431373,0.451539245
WA,2010,0.771458198,0.056433202,0.733008518,0.520299973
WA,2011,0.771340018,0.068463313,0.747585662,0.529129664
WA,2012,0.73771106,0.060372547,0.762162807,0.520082138
WA,2013,0.778377007,0.063432449,0.776739952,0.539516469
WA,2014,0.685282892,0.074490872,0.791317096,0.517030287
WA,2015,0.750120899,0.072555208,0.805894241,0.542856783
WA,2016,0.836819623,0.059266053,0.820471385,0.572185687
WA,2017,0.821468091,0.066288678,0.83504853,0.574268433
WA,2018,0.863000822,0.068382208,0.849625675,0.593669568
WI,2000,-0.646360872,-0.480976778,-0.363748076,-0.497028575
WI,2001,-0.57060787,-0.479426067,-0.350559231,-0.466864389
WI,2002,-0.604076769,-0.481142258,-0.337370386,-0.474196471
WI,2003,-0.607081862,-0.480626493,-0.324181541,-0.470629965
WI,2004,-0.65325563,-0.473861117,-0.310992696,-0.479369814
WI,2005,-0.673601183,-0.508562689,-0.297803851,-0.493322574
WI,2006,-0.695891986,-0.486077244,-0.284615005,-0.488861412
WI,2007,-0.699683161,-0.493944284,-0.27142616,-0.488351202
WI,2008,-0.651748793,-0.498921121,-0.258237315,-0.469635743
WI,2009,-0.677820376,-0.498368439,-0.24504847,-0.473745762
WI,2010,-0.726754494,-0.485089578,-0.231859625,-0.481234566
WI,2011,-0.666488459,-0.488605695,-0.21867078,-0.457921645
WI,2012,-0.682034754,-0.48590163,-0.205481935,-0.457806106
WI,2013,-0.687667499,-0.490583069,-0.19229309,-0.456847886
WI,2014,-0.715952896,-0.494873468,-0.179104244,-0.463310203
WI,2015,-0.688681829,-0.495218086,-0.165915399,-0.449938438
WI,2016,-0.678002715,-0.494709565,-0.152726554,-0.441812945
WI,2017,-0.729009836,-0.503604553,-0.139537709,-0.457384033
WI,2018,-0.716300066,-0.508062849,-0.126348864,-0.45023726
WV,2000,-1.082859871,-0.810007608,-1.904760505,-1.265875995
WV,2001,-1.107271191,-0.807330351,-1.886712612,-1.267104718
WV,2002,-1.102586725,-0.824634893,-1.868664719,-1.265295446
WV,2003,-1.080029433,-0.827940528,-1.850616825,-1.252862262
WV,2004,-1.202695523,-0.874884193,-1.832568932,-1.303382883
WV,2005,-1.167898454,-0.90422487,-1.814521039,-1.295548121
WV,2006,-1.201966149,-0.899415126,-1.796473146,-1.299284807
WV,2007,-1.184517961,-0.884983509,-1.778425252,-1.282642241
WV,2008,-1.173915719,-0.897777275,-1.760377359,-1.277356784
WV,2009,-1.223644153,-0.913047471,-1.742329466,-1.29300703
WV,2010,-1.247871953,-0.95641496,-1.724281572,-1.309522828
WV,2011,-1.231926624,-0.976041077,-1.706233679,-1.304733793
WV,2012,-1.214439434,-0.97258226,-1.688185786,-1.291735827
WV,2013,-1.225217152,-0.975346648,-1.670137892,-1.290233897
WV,2014,-1.253636396,-1.005338049,-1.652089999,-1.303688148
WV,2015,-1.216242829,-0.994467017,-1.634042106,-1.281583984
WV,2016,-1.234468063,-1.009809702,-1.615994212,-1.286757326
WV,2017,-1.256492017,-1.034860955,-1.597946319,-1.296433097
WV,2018,-1.290591298,-1.036470818,-1.579898426,-1.302320181
WY,2000,-0.838420431,-0.208675401,-0.585875994,-0.544323942
WY,2001,-0.93415399,-0.162451926,-0.587958443,-0.561521453
WY,2002,-0.886565744,-0.180586202,-0.590040892,-0.552397613
WY,2003,-0.96179254,-0.185935797,-0.592123342,-0.57995056
WY,2004,-0.836402261,-0.231136623,-0.594205791,-0.553914892
WY,2005,-0.986656121,-0.185785647,-0.59628824,-0.589576669
WY,2006,-0.859141716,-0.238074515,-0.598370689,-0.56519564
WY,2007,-0.861294761,-0.267553154,-0.600453138,-0.576433684
WY,2008,-0.994420838,-0.192108695,-0.602535588,-0.59635504
WY,2009,-0.942462207,-0.215173003,-0.604618037,-0.587417749
WY,2010,-0.954743382,-0.184243589,-0.606700486,-0.581895819
WY,2011,-0.973440606,-0.180228208,-0.608782935,-0.587483916
WY,2012,-0.924036881,-0.168069381,-0.610865385,-0.567657216
WY,2013,-0.948297634,-0.233361579,-0.612947834,-0.598202349
WY,2014,-0.846300411,-0.161108165,-0.615030283,-0.540812953
WY,2015,-0.976442374,-0.17217466,-0.617112732,-0.588576589
WY,2016,-0.925320648,-0.20314345,-0.619195181,-0.582553093
WY,2017,-0.952790155,-0.19450992,-0.621277631,-0.589525902
WY,2018,-1.03535075,-0.210232903,-0.62336008,-0.622981244
