State,Year,z1,z2,z3,z4,z5,index
US,2000,0.353156209,0.247737825,0.10905708,0.296985078,0.613033829,0.323994004
US,2001,0.325681981,0.239772652,0.080781272,0.268526387,0.684565694,0.319865597
US,2002,0.354292119,0.252355856,0.076277396,0.20497341,0.663568221,0.3102934
US,2003,0.484397743,0.256333548,0.092936537,0.199707409,0.628460899,0.332367227
US,2004,0.351282986,0.250892097,0.095550427,0.226743092,0.790506306,0.342994982
US,2005,0.400228972,0.247787406,0.148291762,0.343176552,1.139810055,0.455858949
US,2006,0.388956983,0.256082091,0.135255385,0.271097294,0.639761989,0.338230748
US,2007,0.411865249,0.252482553,0.138298787,0.209218416,0.981398508,0.398652703
US,2008,0.252065402,0.240867925,0.157799334,0.348148957,0.893189492,0.378414222
US,2009,0.252945892,0.240497764,0.174084541,0.316667759,1.002860971,0.397411385
US,2010,0.233342974,0.235093079,0.218826293,0.318907672,0.918181387,0.384870281
US,2011,0.47069942,0.246156393,0.24753609,0.346773907,1.119176589,0.48606848
US,2012,0.508948714,0.238317316,0.23920426,0.362007848,1.114374293,0.492570486
US,2013,0.498066045,0.243557134,0.211048144,0.371479519,0.843229072,0.433475983
US,2014,0.52231454,0.236246381,0.214931242,0.372613818,1.353392902,0.539899777
US,2015,0.526202218,0.241166997,0.214354659,0.373818194,0.844496633,0.44000774
US,2016,0.558321019,0.23388699,0.202766268,0.366873577,0.788154479,0.430000467
US,2017,0.549937047,0.238614492,0.146574137,0.325748228,0.74522352,0.401219485
US,2018,0.560751611,0.2324916,0.120987513,0.297601113,0.690881316,0.380542631
AK,2000,-1.471031439,-0.679574402,-0.813983483,1.716383508,-1.908314985,-0.63130416
AK,2001,-1.498232481,-0.665658353,-1.419379637,1.368637868,-2.618001235,-0.966526768
AK,2002,-1.422566279,-0.688597335,-1.235257945,1.587854552,-2.720629705,-0.895839342
AK,2003,-1.536861929,-0.673720788,-0.656607438,1.109089359,-1.915309405,-0.73468204
AK,2004,-1.593228478,-0.706948194,-1.462954506,0.93648496,-2.609623226,-1.087253889
AK,2005,-1.585772089,-0.709100255,-0.894864079,0.360748845,-1.38759485,-0.843316486
AK,2006,-1.225348621,-0.708233456,-0.894658016,0.365518498,-1.33768416,-0.760081151
AK,2007,-1.256510779,-0.680144359,-1.216296619,0.317682347,-2.082968262,-0.983647534
AK,2008,-1.299440605,-0.673804559,-1.678928052,0.187266284,-2.649795494,-1.222940485
AK,2009,-1.249491754,-0.694817631,-1.728410799,0.134181254,-2.541905036,-1.216088793
AK,2010,-1.323261425,-0.747326723,-1.572307439,0.15845278,-1.77303992,-1.051496545
AK,2011,-1.569191295,-0.750190913,-1.530849282,0.376373019,-2.238353178,-1.14244233
AK,2012,-1.190014629,-0.740331194,-1.313858085,0.556178578,-1.876840915,-0.912973249
AK,2013,-1.079658694,-0.736249047,-1.7600373,0.596608332,-2.698333029,-1.135533948
AK,2014,-1.128121738,-0.742370723,-0.945140406,0.743048609,-2.173331667,-0.849183185
AK,2015,-1.034443046,-0.746999314,-0.902113862,0.834530835,-1.847336384,-0.739272354
AK,2016,-1.232299166,-0.761879678,-1.20187687,1.072473083,-2.914097483,-1.007536023
AK,2017,-0.807165666,-0.778994036,-0.784689822,0.905277053,-2.295288442,-0.752172183
AK,2018,-1.636155308,-0.775727067,-0.710122626,0.79406652,-2.019499231,-0.869487542
AL,2000,1.530796336,1.691394361,1.33977783,-0.781039047,0.613033829,0.878792662
AL,2001,1.176842063,1.704739671,1.692894488,-0.84186651,1.15636097,0.977794136
AL,2002,1.28026058,1.674240678,1.432271562,-0.920082435,1.147025067,0.92274309
AL,2003,1.557412136,1.677540175,1.283388731,-0.782425097,1.137214959,0.974626181
AL,2004,1.492063045,1.666829918,1.171138338,-0.654315779,0.790506306,0.893244366
AL,2005,1.503562894,1.651916038,1.387039322,-0.394859767,1.139810055,1.057493708
AL,2006,1.510762573,1.650146957,1.356780581,-0.37636239,1.134123527,1.05509025
AL,2007,1.505882317,1.662020954,1.422828914,-0.333101239,0.981398508,1.047805891
AL,2008,1.655808931,1.655419557,1.197000355,-0.295381735,0.893189492,1.02120732
AL,2009,1.72947944,1.643470858,1.324976784,-0.282930758,1.002860971,1.083571459
AL,2010,1.739734328,1.671749994,1.366988941,-0.104109769,0.918181387,1.118508976
AL,2011,1.416735694,1.651530489,1.279438713,0.021183678,0.639529479,1.001683611
AL,2012,1.326968101,1.648413017,1.229562857,0.006028176,0.615838425,0.965362115
AL,2013,1.034492456,1.655320879,1.229811407,0.007809898,0.843229072,0.954132742
AL,2014,1.281515227,1.656819597,1.398677821,-0.127473148,0.849575106,1.011822921
AL,2015,1.238670708,1.660342019,1.470381744,-0.284342723,0.844496633,0.985909676
AL,2016,1.436076011,1.648923835,1.268357613,-0.411718982,0.788154479,0.945958591
AL,2017,1.303882999,1.644382975,1.430208242,-0.575741054,0.74522352,0.909591336
AL,2018,1.254511691,1.639796824,1.506171076,-0.624406073,1.232957425,1.001806189
AR,2000,1.530796336,0.60601755,1.41078095,-0.718154307,0.108764066,0.587640919
AR,2001,1.517306096,0.758615138,1.200304339,-0.7698966,0.212770418,0.583819878
AR,2002,1.00497266,0.597372026,1.254436262,-0.838047113,0.180111374,0.439769042
AR,2003,1.307873905,0.611635205,1.107025443,-0.940051302,0.119706838,0.441238018
AR,2004,1.310575309,0.563231322,1.610153812,-1.009186713,0.304773515,0.555909449
AR,2005,1.365646154,0.549415038,1.713025523,-1.009890033,0.128848093,0.549408955
AR,2006,1.346595901,0.549569431,1.476537954,-0.88893464,0.639761989,0.624706127
AR,2007,1.23237805,0.549227479,1.726445126,-0.685609015,0.470670713,0.658622471
AR,2008,1.754317249,0.549303995,1.656182202,-0.661024173,0.38704878,0.737165611
AR,2009,1.651767148,0.538098118,1.606827945,-0.726112271,0.496465827,0.713409353
AR,2010,1.614201715,0.530875385,1.527731712,-0.775102951,0.379937126,0.655528597
AR,2011,1.121099359,0.508353053,1.367260213,-0.792791895,0.639529479,0.568690042
AR,2012,0.917958407,0.501394872,1.387119906,-0.770654744,0.117302557,0.4306242
AR,2013,1.160710436,0.496410342,1.495575737,-0.754164546,0.337291629,0.54716472
AR,2014,0.951427972,0.48879273,1.446027685,-0.794255771,0.345757311,0.487549985
AR,2015,1.102962424,0.493464779,1.726239114,-0.898626245,0.844496633,0.653707341
AR,2016,1.120084214,0.485449096,1.607409405,-0.9956634,0.259261342,0.495308131
AR,2017,1.040001916,0.479903113,1.455377538,-1.090877787,0.238471526,0.424575261
AR,2018,0.946173878,0.47404399,1.707652322,-1.12087148,0.690881316,0.539576005
AZ,2000,0.214610311,-0.721724958,0.653414335,-0.107273969,0.613033829,0.13041191
AZ,2001,0.763421452,-0.696178499,0.70771419,-0.0501975,-0.259024857,0.093146957
AZ,2002,0.504449167,-0.730417477,0.854306836,0.310447395,0.180111374,0.223779459
AZ,2003,0.38458245,-0.725971032,0.864525922,0.793836949,0.628460899,0.389087038
AZ,2004,0.429063445,-0.706948194,0.88577828,0.703983313,0.790506306,0.42047663
AZ,2005,0.482979016,-0.698699302,0.539475202,0.466182605,0.128848093,0.183757123
AZ,2006,0.525762543,-0.697751765,0.470576027,0.271097294,0.145400452,0.14301691
AZ,2007,0.712719943,-0.680144359,0.535335372,0.588842174,-0.040057082,0.22333921
AZ,2008,0.153557084,-0.663168832,0.713651043,0.275020469,-0.119091932,0.071993566
AZ,2009,0.252945892,-0.641674711,0.878712445,0.186320255,-0.009929317,0.133274913
AZ,2010,-0.067935296,-0.662817492,1.114393159,-0.366672318,0.379937126,0.079381036
AZ,2011,0.529826688,-0.655800116,1.147706464,-0.792791895,0.15988237,0.077764702
AZ,2012,0.697722419,-0.656146376,1.049497657,-0.705931167,0.117302557,0.100489018
AZ,2013,0.750502003,-0.662500194,1.052635188,-0.719529344,0.337291629,0.151679856
AZ,2014,0.753375619,-0.658188607,1.019878916,-0.812777511,0.345757311,0.129609146
AZ,2015,0.933327069,-0.652387646,0.935407245,-0.898626245,0.306130029,0.12477009
AZ,2016,0.768982217,-0.646580379,0.808215896,-0.971332383,0.259261342,0.043709339
AZ,2017,0.889212725,-0.642613512,0.624790764,-1.026485696,0.238471526,0.016675161
AZ,2018,0.830547198,-0.639197456,0.498764848,-1.12087148,-0.393270903,-0.164805559
CA,2000,1.184431592,-0.342369956,0.771752869,2.138609624,1.621573355,1.074799497
CA,2001,1.298436361,-0.421497183,0.483809576,2.232276788,1.628156245,1.044236357
CA,2002,1.255234406,-0.354036201,0.409718585,2.408207772,1.147025067,0.973229926
CA,2003,1.233012436,-0.360219327,0.423617702,2.345848811,1.137214959,0.955894916
CA,2004,1.25872167,-0.363375047,0.358959711,2.441627197,0.790506306,0.897287967
CA,2005,1.531146243,-0.376269764,0.322151068,3.189888068,1.139810055,1.161345134
CA,2006,1.483401461,-0.383301043,0.231061283,2.833958546,1.134123527,1.059848755
CA,2007,1.56058317,-0.393997465,0.185008974,3.693622199,0.981398508,1.205323077
CA,2008,0.522963276,-0.407911395,0.302804128,3.975321946,0.893189492,1.057273489
CA,2009,0.511986865,-0.42910303,0.268034928,3.888189363,1.002860971,1.048393819
CA,2010,0.534621245,-0.440980763,0.517348582,3.878088895,0.918181387,1.081451869
CA,2011,1.889753831,-0.435554922,0.55491134,4.031863321,1.119176589,1.432030032
CA,2012,2.08206292,-0.445684331,0.621842809,4.196879765,1.114374293,1.513895091
CA,2013,2.044236289,-0.451789188,0.565400584,4.423798154,1.349166515,1.586162471
CA,2014,2.106733366,-0.468778845,0.570055216,4.410353033,1.353392902,1.594351134
CA,2015,2.222555765,-0.473676718,0.446952267,4.34472239,1.382863236,1.584683388
CA,2016,2.313831004,-0.478872309,0.420728134,4.259836369,1.317047617,1.566514163
CA,2017,2.284012736,-0.485251368,0.146574137,3.931705359,1.251975514,1.425803276
CA,2018,2.256609585,-0.492165567,0.070617201,3.843782595,1.232957425,1.382360248
CO,2000,-1.147757678,-0.647961485,-0.837651189,-1.17631456,-0.395505696,-0.841038122
CO,2001,-0.817304415,-0.55375115,-0.837227642,-1.283967386,-0.730820133,-0.844614145
CO,2002,-0.646754866,-0.646777193,-0.679522631,-1.259943055,-0.303345472,-0.707268643
CO,2003,-0.763293413,-0.642370642,-0.832970726,-1.097677507,0.119706838,-0.64332109
CO,2004,-0.556155697,-0.654891657,-0.497120463,-0.93576514,-0.180959275,-0.564978446
CO,2005,-0.758271647,-0.657095491,-0.460215812,-0.8341671,-0.376632888,-0.617276588
CO,2006,-0.705487494,-0.655825002,-0.319822629,-0.727069719,0.145400452,-0.452560878
CO,2007,-0.818903952,-0.658948293,-0.328803077,-0.916094868,-0.040057082,-0.552561454
CO,2008,-1.003915651,-0.663168832,-0.301382512,-1.085169402,0.38704878,-0.533317523
CO,2009,-1.145875365,-0.652303295,-0.295667395,-1.012876779,-0.009929317,-0.62333043
CO,2010,-1.122409244,-0.673381146,-0.401181537,-0.891797417,0.379937126,-0.541766444
CO,2011,-0.800536822,-0.676775849,-0.389169784,-0.777992339,0.15988237,-0.496918485
CO,2012,-0.749542651,-0.67719258,-0.436040238,-0.544122225,0.117302557,-0.457919027
CO,2013,-0.732559251,-0.683571295,-0.54195079,-0.269271718,-0.168645814,-0.479199774
CO,2014,-0.66599958,-0.679234136,-0.755740954,-0.016342711,-0.158060485,-0.455075573
CO,2015,-0.898734762,-0.683924869,-0.716035775,0.132492524,-0.232236574,-0.479687891
CO,2016,-0.846086969,-0.688507397,-0.741735152,0.269549507,-0.269631796,-0.455282361
CO,2017,-0.844862963,-0.69506756,-0.860197711,0.068179862,-0.268280467,-0.520045768
CO,2018,-0.942395228,-0.691708845,-0.987159338,-0.057017036,-0.393270903,-0.61431027
CT,2000,-0.478119175,-0.089466621,-1.453011564,0.144264993,1.621573355,-0.050951802
CT,2001,-0.501159242,0.076998539,-1.64328425,0.124586567,1.15636097,-0.157299483
CT,2002,-0.371466945,-0.029930101,-1.635387371,-0.146606542,1.147025067,-0.207273178
CT,2003,-0.638524297,-0.036267816,-1.5825147,-0.418672317,1.64596902,-0.206002022
CT,2004,-0.97098481,-0.030213206,-1.572708374,-0.34839256,1.276239096,-0.329211971
CT,2005,-0.620354906,-0.033038321,-1.677230959,-0.359715181,1.645291036,-0.209009666
CT,2006,-0.705487494,-0.026923559,-1.613202249,-0.268452443,1.628485064,-0.197116136
CT,2007,-0.600100539,-0.03366434,-1.566623018,-0.170405343,1.492126303,-0.175733387
CT,2008,-0.708390698,-0.035660966,-1.316416068,0.041009309,1.905470917,-0.022797501
CT,2009,-0.679601613,-0.035845421,-1.610972815,-0.282930758,1.509256115,-0.220018898
CT,2010,-0.59517227,-0.028998265,-1.641197198,-0.35208551,1.994669909,-0.124556667
CT,2011,-0.44577322,0.036399066,-1.421072407,-0.393203887,1.598823698,-0.12496535
CT,2012,-0.592231231,0.038378373,-1.448906984,-0.349951495,1.612910161,-0.147960235
CT,2013,-0.480123293,0.043381678,-1.427831888,-0.251954117,1.855103958,-0.052284732
CT,2014,-0.533964678,0.057359383,-1.537013696,-0.127473148,1.857210697,-0.056776288
CT,2015,-0.457682839,0.062456069,-1.344049318,-0.086894448,1.382863236,-0.08866146
CT,2016,-0.600315571,0.076660674,-1.419838736,-0.192739825,1.317047617,-0.163837168
CT,2017,-0.392495392,0.081252349,-1.363583635,0.068179862,1.251975514,-0.07093426
CT,2018,-0.402804055,0.085459711,-1.012344494,0.084830224,1.775033535,0.106034984
DE,2000,-0.154845415,0.974834913,-1.026992843,-0.197109313,-0.899775459,-0.260777623
DE,2001,-0.379564944,0.931562633,-0.926789488,-0.132448826,-1.202615409,-0.341971207
DE,2002,-0.221309897,0.963298267,-1.27971677,-0.041132556,-1.270259165,-0.369824024
DE,2003,-0.239263127,0.946036764,-1.163651891,0.042081204,-0.897801284,-0.262519667
DE,2004,-0.089472946,1.03174016,-0.870283616,0.128847662,-0.180959275,0.003974397
DE,2005,0.151978839,1.059061727,-1.003526146,0.308031965,-0.882113869,-0.073313497
DE,2006,-0.07618192,1.073653968,-0.774900644,0.217142321,-0.843322622,-0.080721779
DE,2007,-0.271895418,1.068531101,-0.49228873,0.005848545,-0.550784877,-0.048117876
DE,2008,0.301319561,1.081090323,-0.760564359,0.523657328,-0.119091932,0.205282184
DE,2009,0.149329502,1.101413072,-0.953320105,0.538258516,-1.022719604,-0.037407724
DE,2010,0.459301677,1.164694612,-0.860446597,0.75651192,-0.696551397,0.164702043
DE,2011,0.056808551,1.169088636,-0.981964908,0.820359696,-0.799411849,0.052976025
DE,2012,-0.088834685,1.185396518,-0.818678786,0.91215825,-0.879769179,0.062054424
DE,2013,0.024748623,1.181221114,-0.475509707,0.960277953,-0.674583257,0.203230945
DE,2014,-0.203877423,1.183295192,-0.968815338,1.002352962,-0.66187828,0.070215423
DE,2015,-0.186266272,1.197796086,-0.646256492,1.27330478,-0.770603177,0.173594985
DE,2016,-0.249213574,1.20869015,-0.935479033,1.364445292,-0.798524933,0.11798358
DE,2017,-0.467889988,1.224750592,0.020727656,0.840884961,0.74522352,0.472739348
DE,2018,0.059702665,1.240710268,-0.433085913,0.935913779,-0.393270903,0.281993979
FL,2000,0.468611123,0.490103521,0.203727907,-0.915792063,1.117303592,0.272790816
FL,2001,0.277044262,0.433066911,0.327076347,-1.12974615,1.15636097,0.212760468
FL,2002,0.229161246,0.576461955,0.209653871,-1.236504391,1.147025067,0.18515955
FL,2003,0.284767158,0.580285059,0.335436058,-1.255303711,1.137214959,0.216479905
FL,2004,0.169795249,0.552820015,-0.036154215,-1.180503715,0.790506306,0.059292728
FL,2005,0.28989558,0.549415038,0.170024175,-1.0977515,1.139810055,0.21027867
FL,2006,0.224790312,0.560051122,0.015498013,-1.199175739,1.134123527,0.147057447
FL,2007,0.275113116,0.559825512,-0.001831772,-1.105906747,0.981398508,0.141719723
FL,2008,0.375200799,0.549303995,0.302804128,-1.041292309,0.893189492,0.215841221
FL,2009,0.46017867,0.56998387,0.479423299,-0.908598776,1.002860971,0.320769607
FL,2010,0.4844082,0.594257308,0.609201593,-0.920971033,0.918181387,0.337015491
FL,2011,0.47069942,0.602743851,0.708598964,-0.985186122,1.119176589,0.38320654
FL,2012,0.508948714,0.617148997,0.756891708,-0.900101897,1.114374293,0.419452363
FL,2013,0.434957056,0.612301396,0.698282748,-0.806117349,0.843229072,0.356530585
FL,2014,0.423288363,0.615065905,0.688429874,-0.794255771,0.849575106,0.356420695
FL,2015,0.390493934,0.609101262,0.702809636,-0.745055364,1.382863236,0.468042541
FL,2016,0.558321019,0.600748394,0.68712597,-0.728022208,1.317047617,0.487044158
FL,2017,0.399147857,0.605792827,0.524113579,-0.446956871,1.251975514,0.466814581
FL,2018,0.483667158,0.600071323,0.37283907,-0.411635184,1.232957425,0.455579958
GA,2000,0.768793901,1.975910613,0.274731027,-0.224059916,0.613033829,0.681681891
GA,2001,0.83637803,2.610170675,0.080781272,-0.245544399,0.212770418,0.698911199
GA,2002,0.62958004,1.935616564,0.231883284,-0.088009883,0.663568221,0.674527645
GA,2003,1.033381851,1.949241442,0.37952688,0.017831019,0.628460899,0.801688418
GA,2004,1.103160752,2.020814374,0.578467448,-0.189312486,0.790506306,0.860727279
GA,2005,0.813979193,2.057553198,0.430813135,-0.482721234,0.634329074,0.690790673
GA,2006,0.881456998,2.111341349,0.614284874,-0.969867101,0.639761989,0.655395622
GA,2007,0.876822503,2.128334409,0.558690465,-1.011000808,0.470670713,0.604703456
GA,2008,0.744606991,2.134027251,0.689483578,-1.129046494,0.893189492,0.666452164
GA,2009,0.771027838,2.153642892,0.902200042,-1.169293784,1.002860971,0.732087592
GA,2010,0.886112561,2.125987107,1.0455034,-1.168946774,0.918181387,0.761367536
GA,2011,0.943717557,2.123484477,1.169661839,-1.147981236,1.119176589,0.841611845
GA,2012,0.886496123,2.142998823,1.207054707,-1.110453521,1.114374293,0.848094085
GA,2013,0.813610993,2.161027294,1.096929243,-1.048563763,0.843229072,0.773246568
GA,2014,0.951427972,2.161912296,1.114578642,-1.072081864,0.849575106,0.80108243
GA,2015,0.933327069,2.17544999,0.981926767,-1.09607452,0.844496633,0.767825188
GA,2016,0.874312816,2.193975063,0.929305821,-1.068656453,0.788154479,0.743418345
GA,2017,0.926910023,2.210886692,0.85131443,-1.090877787,0.74522352,0.728691376
GA,2018,0.869089425,2.22792438,0.649875782,-1.12087148,0.690881316,0.663379885
HI,2000,-0.616665072,-0.858714264,-0.529971002,2.201494365,-0.395505696,-0.039872334
HI,2001,-0.622753539,-0.858952612,-0.613323029,1.96495998,-0.259024857,-0.077818811
HI,2002,-0.771885739,-0.845422867,-0.835128519,1.060484625,-0.303345472,-0.339059594
HI,2003,-0.688431943,-0.830471519,-0.634562027,0.672586023,-0.389047223,-0.373985338
HI,2004,-0.504302058,-0.8527065,-0.738578974,0.495955524,-0.180959275,-0.356118257
HI,2005,-0.703104951,-0.844312642,-1.242582693,0.202598205,-1.38759485,-0.794999386
HI,2006,-0.951737502,-0.844495435,-1.014415388,0.122721117,-0.348961085,-0.607377659
HI,2007,-0.983006512,-0.817918789,-1.473202645,0.005848545,-1.572240467,-0.968103974
HI,2008,-1.274813525,-0.801433277,-1.292248602,0.275020469,-1.131373357,-0.844969658
HI,2009,-1.301299949,-0.801103472,-1.258658864,0.903231526,-1.022719604,-0.696110073
HI,2010,-0.996876631,-0.926908837,-1.50341768,1.033661278,-1.234795658,-0.725667506
HI,2011,-0.889227723,-0.917996776,-1.135652532,1.219947704,-1.279058959,-0.600397657
HI,2012,-0.623693515,-0.90870083,-1.111284735,1.591755804,-1.378305047,-0.486045665
HI,2013,-0.890331725,-0.904817852,-1.427831888,1.60102919,-1.1805207,-0.560494595
HI,2014,-0.96307811,-0.889689427,-1.323939312,1.520961668,-1.669513871,-0.66505181
HI,2015,-0.763026478,-0.883660613,-1.437088361,1.558507843,-1.847336384,-0.674520799
HI,2016,-1.162078767,-0.929587748,-1.516710676,1.267121223,-1.32741807,-0.733734808
HI,2017,-0.844862963,-0.93635618,-1.237737154,0.518924503,-0.775032461,-0.655012851
HI,2018,-0.749684095,-0.943763512,-1.264196051,0.368524742,-0.935347012,-0.704893186
IA,2000,-0.963029815,-0.827101347,-0.837651189,0.072396718,-0.899775459,-0.691032218
IA,2001,-1.206406167,-0.79791232,-0.546151645,0.30965205,-1.202615409,-0.688686698
IA,2002,-1.022147485,-0.845422867,-0.212704967,0.322166727,-1.270259165,-0.605673551
IA,2003,-0.962923998,-0.840921568,-0.546380383,0.284583057,-1.406555344,-0.694439647
IA,2004,-1.100618907,-0.842295192,-0.497120463,0.116610733,-1.638157645,-0.792316295
IA,2005,-1.061688475,-0.844312642,-0.329821332,0.079592152,-1.38759485,-0.708765029
IA,2006,-0.897015278,-0.844495435,-0.511434425,0.257608551,-1.33768416,-0.666604149
IA,2007,-0.983006512,-0.839114855,-0.562354009,0.439704269,-1.061512672,-0.601256756
IA,2008,-0.880780254,-0.833340457,-0.446387306,0.45052884,-1.131373357,-0.568270507
IA,2009,-1.042258975,-0.832989224,-0.647981347,0.433980513,-1.022719604,-0.622393727
IA,2010,-0.921557064,-0.789581338,-0.584887561,0.450188946,-1.234795658,-0.616126535
IA,2011,-1.037045891,-0.802630245,-0.696545033,0.405972131,-1.279058959,-0.681861599
IA,2012,-1.284401481,-0.803469807,-0.931219536,0.426731425,-1.378305047,-0.794132889
IA,2013,-1.079658694,-0.799462349,-0.829862147,0.423432322,-1.1805207,-0.693214314
IA,2014,-1.227147915,-0.794984546,-0.755740954,0.29852686,-1.165696076,-0.729008526
IA,2015,-1.102297187,-0.789048945,-0.506697927,0.308002102,-1.308969781,-0.679802348
IA,2016,-0.916307369,-0.772361432,-0.741735152,0.318211542,-0.798524933,-0.582143469
IA,2017,-0.957954856,-0.768503227,-0.860197711,0.132571953,-1.281784455,-0.747173659
IA,2018,-0.942395228,-0.754722512,-0.659752314,0.084830224,-1.477423122,-0.74989259
ID,2000,-0.639756055,-1.006241209,0.298398734,-1.679392485,-1.908314985,-0.9870612
ID,2001,-0.525478101,-0.981033197,0.282295424,-1.859726666,-1.202615409,-0.85731159
ID,2002,-0.371466945,-1.02315847,0.876536248,-2.021699616,-0.303345472,-0.568626851
ID,2003,-0.713385766,-1.018572396,0.644071812,-1.946433993,-0.897801284,-0.786424325
ID,2004,-0.530228878,-1.01928742,1.039433696,-1.816824011,-1.152424855,-0.695866294
ID,2005,-0.206604686,-1.02112884,0.539475202,-1.712781766,-1.38759485,-0.757726988
ID,2006,-0.541320823,-1.022684177,0.326867181,-1.617326786,-1.33768416,-0.838429753
ID,2007,-0.572750112,-1.019281418,0.348494626,-1.580436445,-0.550784877,-0.674951645
ID,2008,-0.486746982,-1.024783535,0.56864625,-1.56781742,-1.637514069,-0.829643151
ID,2009,-0.420560639,-1.024303737,0.667324074,-1.573371046,-1.529114748,-0.776005219
ID,2010,-0.319000522,-1.032545375,0.655128099,-1.489856557,-1.234795658,-0.684214003
ID,2011,-0.357082319,-1.043851172,0.576866715,-1.443972354,-1.279058959,-0.709419618
ID,2012,-0.560768946,-1.056024261,0.419269459,-1.401709616,-1.378305047,-0.795507682
ID,2013,-0.385459809,-1.062851107,0.498959501,-1.34296298,-1.1805207,-0.694567019
ID,2014,-0.533964678,-1.068576425,0.570055216,-1.275820998,-0.66187828,-0.594037033
ID,2015,-0.288047485,-1.072883949,0.400432745,-1.293522795,-0.770603177,-0.604924932
ID,2016,-0.530095172,-1.07633231,0.420728134,-1.238973575,-0.798524933,-0.644639571
ID,2017,-0.656376476,-1.072736705,0.196912729,-1.090877787,-0.775032461,-0.67962214
ID,2018,-0.364261828,-1.080293123,0.272098447,-0.979024221,-0.935347012,-0.617365547
IL,2000,0.12224638,0.542791716,-0.482635588,0.153248528,0.613033829,0.189736973
IL,2001,0.106812246,0.544974114,-0.367027954,-0.358639972,0.684565694,0.122136826
IL,2002,0.003925674,0.513731742,-0.368310855,-0.88492444,0.663568221,-0.014401932
IL,2003,-0.064586366,0.517584766,-0.347971684,-1.206803341,0.628460899,-0.094663145
IL,2004,0.014234332,0.511174785,-0.321514274,-1.094845214,0.790506306,-0.020088813
IL,2005,-0.096271293,0.507811226,-0.264624092,-0.816594807,0.634329074,-0.007069978
IL,2006,0.142706976,0.497160978,-0.200065257,-0.84846841,0.639761989,0.046219255
IL,2007,0.056309702,0.496237314,-0.258737797,-0.997442816,0.981398508,0.055552982
IL,2008,-0.215849108,0.485489636,-0.325549978,-1.085169402,0.893189492,-0.049577872
IL,2009,-0.239231958,0.474326613,-0.154741814,-1.117154782,1.002860971,-0.006788194
IL,2010,-0.218574432,0.435802501,-0.263402019,-0.979318267,0.918181387,-0.021462166
IL,2011,0.056808551,0.424450122,-0.037883784,-0.689195004,0.639529479,0.078741873
IL,2012,0.09993902,0.406686952,-0.143434289,-0.608845802,0.615838425,0.074036861
IL,2013,0.087857613,0.401590389,-0.18759835,-1.031246162,0.843229072,0.022766512
IL,2014,0.027183656,0.394087849,-0.163867664,-0.960951427,0.849575106,0.029205504
IL,2015,0.119077367,0.388340703,-0.134541754,-0.964442336,0.844496633,0.050586123
IL,2016,0.101888423,0.380631552,-0.136285524,-1.019994418,0.788154479,0.022878902
IL,2017,0.172964071,0.364504207,-0.130288121,-1.155269879,0.74522352,-0.00057324
IL,2018,0.136787118,0.358518934,-0.231604667,-1.19179511,1.232957425,0.06097274
IN,2000,-0.0393905,-0.163230093,-0.742980362,-0.080323366,-1.404045222,-0.485993909
IN,2001,0.350000841,-0.156989249,-0.590932568,0.45359187,-1.202615409,-0.229388903
IN,2002,0.529475342,-0.186755633,-0.457228505,1.037045961,-0.786802319,0.027146969
IN,2003,0.334674804,-0.182568498,-0.392062506,1.048463895,-0.897801284,-0.017858718
IN,2004,0.221648889,-0.165560204,-0.431268142,0.948721888,-1.152424855,-0.115776485
IN,2005,0.069228795,-0.168250708,-0.199426852,1.186646631,-0.882113869,0.001216799
IN,2006,0.06062364,-0.163185538,-0.295871155,1.12088813,-0.843322622,-0.024173509
IN,2007,0.028959275,-0.160840737,-0.188672518,1.076929864,-1.061512672,-0.061027358
IN,2008,0.695352832,-0.163289684,0.085296937,0.479780235,-0.625232645,0.094381535
IN,2009,0.589699157,-0.163388429,0.103621751,0.68164077,-1.022719604,0.037770729
IN,2010,0.609940813,-0.134634803,0.241789546,0.202213205,-0.696551397,0.044551473
IN,2011,0.086372184,-0.141894663,0.093848466,-0.393203887,-0.31976474,-0.134928528
IN,2012,0.225788157,-0.151037468,0.12666351,-0.900101897,-0.879769179,-0.315691375
IN,2013,0.182521097,-0.146258228,0.211048144,-1.013928561,-0.168645814,-0.187052672
IN,2014,-0.07184252,-0.142573143,0.120231515,-1.035038385,-0.66187828,-0.358220163
IN,2015,0.186931509,-0.147792083,0.214354659,-1.074135823,-0.770603177,-0.318248983
IN,2016,0.277439421,-0.143456168,0.105894327,-1.068656453,-0.798524933,-0.325460761
IN,2017,0.248358666,-0.149545462,0.146574137,-1.155269879,-0.775032461,-0.336983
IN,2018,0.368040478,-0.1455904,0.095802357,-1.19179511,-0.935347012,-0.361777937
KS,2000,-0.939938832,-0.447746345,-0.506303295,-0.610351894,-0.899775459,-0.680823165
KS,2001,-0.987536431,-0.452017329,-0.098342418,-0.492298376,0.212770418,-0.363484827
KS,2002,-0.871990438,-0.458586555,0.009589158,-0.334115849,-0.303345472,-0.391689831
KS,2003,-0.937970174,-0.454269765,-0.06138134,-0.054919537,0.119706838,-0.277766796
KS,2004,-1.074692088,-0.467488122,-0.387366595,0.287927735,-0.180959275,-0.364515669
KS,2005,-0.868605039,-0.46987834,-0.308088919,0.378321138,-0.376632888,-0.32897681
KS,2006,-0.869654166,-0.467154569,-0.152162308,0.621804624,-0.348961085,-0.243225501
KS,2007,-0.846254379,-0.468183697,-0.212027611,0.304124355,-0.550784877,-0.354625242
KS,2008,-0.954661492,-0.471725754,-0.253047581,0.099512099,-0.625232645,-0.441031075
KS,2009,-1.068163073,-0.471617366,-0.248692201,0.173285505,-0.516324461,-0.426302319
KS,2010,-0.720704883,-0.472671724,-0.240438766,0.216800013,-0.158307136,-0.275064499
KS,2011,-0.623155021,-0.487994254,-0.235482159,0.198778349,-0.799411849,-0.389452987
KS,2012,-0.655155799,-0.48777674,-0.300991338,-0.25286613,-0.381233311,-0.415604664
KS,2013,-0.669450262,-0.493931389,-0.409068625,-0.47708293,-0.168645814,-0.443635804
KS,2014,-0.566973404,-0.489824374,-0.25856739,-0.553473157,-0.158060485,-0.405379762
KS,2015,-0.457682839,-0.494701533,-0.29736008,-0.613423181,-0.232236574,-0.419080841
KS,2016,-0.530095172,-0.510317572,-0.35424739,-0.655029156,-0.269631796,-0.463864217
KS,2017,-0.58098188,-0.516723797,-0.356811787,-0.833309421,-0.775032461,-0.612571869
KS,2018,-0.441346282,-0.534174678,-0.055308577,-0.837176962,-0.393270903,-0.45225548
KY,2000,1.80788813,-0.279144122,1.221439297,0.431738093,0.613033829,0.758991045
KY,2001,1.78481355,-0.187509395,1.289866184,0.443310454,0.684565694,0.803009297
KY,2002,1.905914946,-0.291305988,1.209977437,0.439360044,0.663568221,0.785502932
KY,2003,1.582365959,-0.287068986,1.525888252,0.502834725,0.628460899,0.79049617
KY,2004,1.984672616,-0.300907201,1.280892206,0.655035598,0.790506306,0.882039905
KY,2005,1.751813027,-0.303463094,1.191447602,0.747339298,0.634329074,0.804293181
KY,2006,1.592845909,-0.309929208,1.069362888,0.675759597,0.639761989,0.733560235
KY,2007,1.587933597,-0.298615168,1.469539101,0.534610209,0.981398508,0.854973249
KY,2008,1.557300613,-0.301554129,1.462842477,0.582160118,0.893189492,0.838787714
KY,2009,1.574054856,-0.290931438,1.371951977,0.394876261,0.496465827,0.709283497
KY,2010,1.36313649,-0.271962302,1.137356412,0.348081288,0.918181387,0.698958655
KY,2011,1.29848116,-0.288724792,1.191617214,0.420771687,0.639529479,0.65233495
KY,2012,1.421354953,-0.287837797,1.117022107,0.572359472,0.615838425,0.687747432
KY,2013,1.350037404,-0.283220382,0.964047078,0.769784342,0.337291629,0.627588014
KY,2014,1.314523953,-0.289891847,1.185603437,0.761570348,0.345757311,0.66351264
KY,2015,1.272597779,-0.284453381,1.098225571,0.746776046,0.844496633,0.73552853
KY,2016,1.225414813,-0.29020073,1.413665524,1.023811048,0.788154479,0.832169027
KY,2017,1.115396511,-0.285925986,1.304361761,1.291629603,0.74522352,0.834137082
KY,2018,1.023258331,-0.292622289,1.229134364,1.219608298,0.690881316,0.774052004
LA,2000,1.64625125,2.376340892,2.144479859,-0.161175176,2.125843117,1.626347988
LA,2001,1.420030658,2.315142595,2.006360947,-0.255825815,1.15636097,1.328413871
LA,2002,1.605600851,2.364273017,1.765712751,-0.369273844,1.147025067,1.302667568
LA,2003,1.532458313,2.346343293,2.010887294,-0.406547225,1.64596902,1.425822139
LA,2004,1.414282587,2.333153599,1.785760001,-0.788921995,1.761971886,1.301249216
LA,2005,1.448396198,2.317577019,1.713025523,-0.658444167,1.645291036,1.293169122
LA,2006,1.757012581,2.216158257,1.668149749,-1.010333331,1.628485064,1.251894464
LA,2007,1.697335304,2.202520641,1.726445126,-0.997442816,1.492126303,1.224196912
LA,2008,2.049842203,2.26165597,1.269502752,-0.938912426,1.399330205,1.208283741
LA,2009,1.72947944,2.281185901,1.13707601,-0.973772528,1.002860971,1.035365959
LA,2010,1.940586509,2.284441914,0.999576894,-0.979318267,1.456425648,1.14034254
LA,2011,1.446299328,2.270314606,1.367260213,-0.940787454,1.119176589,1.052452656
LA,2012,1.515741806,2.26927605,1.319595456,-0.981006368,1.612910161,1.147303421
LA,2013,1.634027857,2.266382798,1.20766438,-1.048563763,1.349166515,1.081735557
LA,2014,1.611602483,2.267139941,1.446027685,-1.090603603,1.353392902,1.117511882
LA,2015,1.408306063,2.259549251,1.493641505,-1.074135823,1.382863236,1.094044846
LA,2016,1.681847409,2.25686559,1.946461197,-0.947001365,1.845940754,1.356822717
LA,2017,1.680855974,2.252849931,2.109779239,-1.026485696,1.251975514,1.253794992
LA,2018,1.447222825,2.259431214,1.984689035,-0.979024221,1.232957425,1.189055256
MA,2000,-0.662847038,-0.479359262,-1.026992843,-0.188125779,1.117303592,-0.248004266
MA,2001,-0.963217572,-0.268896452,-1.150694101,-0.060478916,1.15636097,-0.257385214
MA,2002,-0.821938088,-0.374946271,-1.168569707,0.181534746,0.663568221,-0.30407022
MA,2003,-0.688431943,-0.381119424,-1.119561069,0.260332872,0.628460899,-0.260063733
MA,2004,-0.763570254,-0.373786354,-1.243446769,0.349112379,1.276239096,-0.15109038
MA,2005,-0.647938255,-0.365868811,-1.025258559,0.272887378,0.634329074,-0.226369835
MA,2006,-0.678126382,-0.362337662,-1.086269811,0.379007242,0.639761989,-0.221592925
MA,2007,-0.654801392,-0.372801399,-1.099521153,0.453262261,0.981398508,-0.138492635
MA,2008,-0.708390698,-0.376004215,-1.074741412,0.62603721,0.893189492,-0.127981925
MA,2009,-0.783218002,-0.365331526,-1.329121654,0.460050013,1.002860971,-0.20295204
MA,2010,-0.770917928,-0.398726148,-1.204895391,0.435602138,1.456425648,-0.096502336
MA,2011,-0.475336853,-0.309700525,-1.179563282,0.524368578,1.119176589,-0.064211099
MA,2012,-0.529306662,-0.298360899,-1.178809185,0.685625731,1.114374293,-0.041295344
MA,2013,-0.606341272,-0.293755933,-1.117773504,0.665878736,0.843229072,-0.10175258
MA,2014,-0.36892105,-0.279369083,-1.181889722,0.520787735,1.353392902,0.008800156
MA,2015,-0.559464052,-0.273940974,-1.041672427,0.461572983,0.844496633,-0.113801567
MA,2016,-0.530095172,-0.258755466,-1.226094855,0.391204594,0.788154479,-0.167117284
MA,2017,-0.505587285,-0.243962748,-1.036382784,0.905277053,1.251975514,0.07426395
MA,2018,-0.402804055,-0.2401109,-1.062714805,1.006837409,1.232957425,0.106833015
MD,2000,-0.431937209,1.891609501,-1.263669911,-0.430681207,-0.395505696,-0.126036904
MD,2001,-0.428202663,1.786126727,-1.329817792,-0.48201696,-0.259024857,-0.142587109
MD,2002,-0.296388421,1.872886351,-1.346405008,-0.61537981,-0.303345472,-0.137726472
MD,2003,-0.463847535,1.855191003,-1.406151412,-0.649049078,-0.389047223,-0.210580849
MD,2004,-0.478375239,1.947935221,-1.484905279,-0.556420349,-0.180959275,-0.150544984
MD,2005,-0.344521426,1.963944623,-1.416441999,-0.588154994,-0.376632888,-0.152361337
MD,2006,-0.459237487,1.985561061,-1.661105198,-0.646137259,-0.843322622,-0.324848301
MD,2007,-0.408647552,1.990559979,-1.519912831,-0.577145084,-0.550784877,-0.213186073
MD,2008,-0.486746982,1.98512708,-1.558090724,-0.397761617,-0.625232645,-0.216540978
MD,2009,-0.498272931,2.004842715,-1.517022428,-0.256861257,-0.009929317,-0.055448644
MD,2010,-0.39432009,2.009786915,-1.572307439,-0.235391044,-0.696551397,-0.177756611
MD,2011,-0.44577322,2.018605813,-1.530849282,-0.156410993,-0.31976474,-0.086838484
MD,2012,-0.371995242,2.027244698,-1.583955884,-0.123418977,-0.381233311,-0.086671743
MD,2013,-0.353905314,2.02406514,-1.494272971,-0.113413309,-0.168645814,-0.021234454
MD,2014,-0.401929776,2.035639121,-1.465988901,-0.05338619,-0.66187828,-0.109508805
MD,2015,-0.355901627,2.049301099,-1.320789557,0.110553827,-0.770603177,-0.057487887
MD,2016,-0.424764573,2.057712256,-1.371402766,0.415535612,-0.798524933,-0.024288881
MD,2017,-0.166311607,2.064015358,-1.313245042,0.196964045,-0.775032461,0.001278059
MD,2018,-0.287177375,2.070390214,-1.415306985,0.226677483,-0.935347012,-0.068152735
ME,2000,-0.801392935,-0.99570357,-0.198623107,0.449705162,-0.395505696,-0.388304029
ME,2001,-0.428202663,-1.021726725,-0.29985657,0.463873285,-0.259024857,-0.308987506
ME,2002,-0.546650167,-1.012703434,-0.301622618,0.603430688,-0.786802319,-0.40886957
ME,2003,-0.813201059,-1.018572396,-0.590471205,0.781711857,-1.406555344,-0.609417629
ME,2004,-0.789497073,-0.998464805,-0.189809631,0.863063387,-0.180959275,-0.259133479
ME,2005,-0.978938431,-1.000326934,-0.373286159,0.729767005,-0.376632888,-0.399883481
ME,2006,-0.92437639,-1.012202487,-0.439580001,1.107399387,-0.843322622,-0.422416423
ME,2007,-0.928305659,-1.008683384,-0.165317425,1.226067769,-0.550784877,-0.285404715
ME,2008,-0.708390698,-1.003512082,0.085296937,1.386573482,-0.625232645,-0.173053001
ME,2009,-0.70550571,-1.013675153,-0.248692201,1.216065535,-1.022719604,-0.354905427
ME,2010,-0.670491838,-0.969163452,-0.42414479,1.135768936,-0.696551397,-0.324916508
ME,2011,-0.977918624,-0.99141184,-0.037883784,1.190348593,-0.31976474,-0.227326079
ME,2012,-1.284401481,-0.992885648,-0.188450589,0.782711096,-0.381233311,-0.412851987
ME,2013,-1.237431168,-0.999637805,-0.254039433,0.232938711,-0.674583257,-0.58655059
ME,2014,-1.227147915,-1.005439838,-0.187542595,0.020700768,-0.158060485,-0.511498013
ME,2015,-1.068370116,-1.009809504,-0.29736008,-0.021078356,-0.770603177,-0.633444247
ME,2016,-1.232299166,-1.002960029,-0.281593435,-0.192739825,-0.798524933,-0.701623478
ME,2017,-1.221835939,-0.999301038,-0.457488972,-0.253780596,-0.775032461,-0.741487801
ME,2018,-1.173648588,-1.006777179,-0.533826536,-0.127940665,-0.935347012,-0.755507996
MI,2000,-0.339573278,0.447952965,-0.600974122,0.270034474,0.108764066,-0.022759179
MI,2001,-0.428202663,0.341506473,-0.546151645,0.433029038,-0.259024857,-0.091768731
MI,2002,-0.296388421,0.430091458,-0.41276968,0.544834029,-0.786802319,-0.104206987
MI,2003,-0.513755182,0.423534328,-0.414107917,0.745336579,-0.389047223,-0.029607883
MI,2004,-0.4265216,0.417473017,-0.255661952,0.997669603,-0.180959275,0.110399959
MI,2005,-0.399688122,0.414202651,-0.112497199,1.239363511,0.128848093,0.254045787
MI,2006,-0.486598599,0.413307452,0.111303911,1.485084203,-0.348961085,0.234827176
MI,2007,-0.408647552,0.411453049,0.30178444,1.212509777,-0.040057082,0.295408526
MI,2008,-0.068086631,0.400403823,0.39947399,1.079433834,-0.119091932,0.338426617
MI,2009,0.123425405,0.389297941,0.502910896,0.798953523,-0.009929317,0.36093169
MI,2010,-0.143254864,0.40411154,0.517348582,0.902380003,-0.158307136,0.304455625
MI,2011,-0.357082319,0.37201079,0.445134465,0.657564581,0.15988237,0.255501977
MI,2012,-0.497844378,0.364594543,0.441777609,-0.042514506,0.117302557,0.076663165
MI,2013,-0.385459809,0.359448188,0.343930309,-0.269271718,-0.168645814,-0.023999769
MI,2014,-0.467947227,0.341474026,0.309630968,-0.479386199,-0.158060485,-0.090857783
MI,2015,-0.525536981,0.335778665,0.353913224,-0.569545787,0.306130029,-0.01985217
MI,2016,-0.494984972,0.32822278,0.323856193,-0.703691191,0.259261342,-0.05746717
MI,2017,-0.543284583,0.312050159,0.297589914,-0.897701513,0.238471526,-0.118574899
MI,2018,-0.479888508,0.306007545,0.322468758,-0.979024221,0.148805207,-0.136326244
MN,2000,-1.378667507,-0.679574402,-1.311005324,0.629375849,-0.899775459,-0.727929369
MN,2001,-1.376638183,-0.787738938,-1.329817792,0.679783015,-1.202615409,-0.803405461
MN,2002,-1.447592454,-0.6781423,-1.324175595,0.439360044,-1.270259165,-0.856161894
MN,2003,-1.437046637,-0.673720788,-1.538423878,0.466459447,-0.897801284,-0.816106628
MN,2004,-1.411740742,-0.644480349,-1.30929909,0.324638522,-1.152424855,-0.838661303
MN,2005,-1.420272,-0.636293585,-1.199117866,0.079592152,-0.882113869,-0.811641034
MN,2006,-1.416876405,-0.62437993,-1.158124235,0.122721117,-0.843322622,-0.783996415
MN,2007,-1.393262913,-0.637752226,-1.099521153,0.209218416,-0.550784877,-0.694420551
MN,2008,-1.397948923,-0.631261653,-1.074741412,-0.222253247,-0.119091932,-0.689059433
MN,2009,-1.275395851,-0.631046127,-1.000295299,-0.36113926,-0.516324461,-0.7568402
MN,2010,-1.247941857,-0.546617301,-0.998226114,-0.381259127,-0.696551397,-0.774119159
MN,2011,-1.36224586,-0.561409318,-1.069786407,-0.363604775,-0.799411849,-0.831291642
MN,2012,-1.378788334,-0.550915353,-1.133792885,-0.25286613,-0.879769179,-0.839226376
MN,2013,-1.268985663,-0.546609141,-1.250655669,-0.165366112,-0.674583257,-0.781239968
MN,2014,-1.359182817,-0.531915432,-1.30026438,-0.127473148,-0.66187828,-0.796142811
MN,2015,-1.339786684,-0.526238755,-1.157971231,0.110553827,-0.770603177,-0.736809204
MN,2016,-1.372739965,-0.510317572,-1.25031284,0.342542559,-0.798524933,-0.71787055
MN,2017,-1.334927832,-0.485251368,-1.237737154,0.325748228,-0.775032461,-0.701440117
MN,2018,-1.404901948,-0.460658734,-1.062714805,0.368524742,-0.935347012,-0.699019551
MO,2000,0.145337363,0.131823797,-0.03294916,0.521573437,0.108764066,0.174909901
MO,2001,0.082493386,0.056651775,-0.075951957,0.648938768,-0.259024857,0.090621423
MO,2002,-0.0211005,0.12689543,-0.212704967,0.638588683,-0.303345472,0.045666635
MO,2003,-0.089540189,0.120482915,-0.105472162,0.345208521,-0.389047223,-0.023673628
MO,2004,-0.296887502,0.115545099,-0.189809631,0.422533952,-0.180959275,-0.025915471
MO,2005,0.151978839,0.112575019,0.235221415,0.413465725,0.128848093,0.208417818
MO,2006,0.170068088,0.109338421,0.374770129,-0.025655061,0.145400452,0.154784406
MO,2007,0.083660129,0.10411009,0.185008974,0.765096062,-0.040057082,0.219563635
MO,2008,0.32594664,0.10260348,0.302804128,0.68454,-0.119091932,0.259360463
MO,2009,0.252945892,0.091697588,0.174084541,0.433980513,-0.009929317,0.188555843
MO,2010,0.38398211,0.129456541,0.310679305,0.362668096,0.379937126,0.313344636
MO,2011,-0.061445983,0.099326264,0.225580715,0.405972131,0.15988237,0.165863099
MO,2012,0.068476736,0.090993884,0.441777609,0.507635895,0.117302557,0.245237336
MO,2013,-0.25924183,0.085523879,0.233195172,0.492702726,-0.168645814,0.076706827
MO,2014,-0.104851246,0.088927677,0.096556584,0.372613818,-0.158060485,0.05903727
MO,2015,-0.050557988,0.083480884,0.074796094,0.417695588,-0.232236574,0.058635601
MO,2016,-0.249213574,0.076660674,0.081676342,-0.363056947,-0.269631796,-0.14471306
MO,2017,-0.053219714,0.070761539,0.247251321,-0.640133146,-0.268280467,-0.128724093
MO,2018,-0.210092922,0.064455156,0.146172668,-0.695329702,0.148805207,-0.109197919
MS,2000,2.084979925,2.776771172,2.452160047,-0.583401291,0.613033829,1.468708736
MS,2001,2.173915302,2.599997293,2.207875099,-0.430609882,0.684565694,1.447148701
MS,2002,2.256281391,2.7720194,2.388136303,-0.146606542,0.663568221,1.586679755
MS,2003,1.881811837,2.795695388,2.275432226,0.078456482,1.137214959,1.633722178
MS,2004,2.036526255,2.770428515,2.510135533,-0.05470627,1.761971886,1.804871184
MS,2005,1.917313115,2.775218944,2.495392403,-0.271853714,1.139810055,1.611176161
MS,2006,2.140068148,2.803132937,2.69806315,-0.470783594,1.134123527,1.660920834
MS,2007,1.97083957,2.81720656,2.497163202,-0.550029101,1.492126303,1.645461307
MS,2008,1.951333885,2.825349477,2.574545895,-0.456264407,1.399330205,1.658859011
MS,2009,2.014424511,2.812615103,2.311455849,-0.504521515,1.002860971,1.527366984
MS,2010,2.015906076,2.812624603,2.377372072,-0.497953593,0.918181387,1.525226109
MS,2011,1.978444732,2.784220059,2.179609087,-0.467201666,0.639529479,1.422920338
MS,2012,1.735977795,2.78490806,2.557543702,-0.430855966,1.612910161,1.65209675
MS,2013,1.854909321,2.793160314,2.470044945,-0.459765329,0.843229072,1.500315665
MS,2014,1.908681013,2.79327817,2.250975359,-0.534951418,0.849575106,1.453511646
MS,2015,1.67972263,2.795682037,2.424031939,-0.679239273,0.844496633,1.412938793
MS,2016,1.752067809,2.791435064,2.091769107,-0.728022208,0.788154479,1.33908085
MS,2017,1.831645165,2.798372028,2.285964313,-0.704525238,0.74522352,1.391335958
MS,2018,1.678476185,2.795047381,2.286910903,-0.837176962,0.690881316,1.322827765
MT,2000,-1.217030627,-1.016778848,1.103100763,-0.331862329,0.613033829,-0.169907442
MT,2001,-0.720028977,-1.031900107,1.334647107,-0.009071837,-0.730820133,-0.231434789
MT,2002,-1.072199835,-1.044068541,0.987683311,0.369044054,-0.303345472,-0.212577297
MT,2003,-1.362185167,-1.039472494,0.842480511,0.430084169,-0.897801284,-0.405378853
MT,2004,-1.230253005,-1.050521342,0.819925959,0.067663018,-0.666692065,-0.411975487
MT,2005,-1.337521956,-1.041930745,0.452545549,-0.254281421,-0.376632888,-0.511564292
MT,2006,-1.334793069,-1.05412925,0.398721604,-0.33589616,-0.843322622,-0.633883899
MT,2007,-0.928305659,-1.051075517,0.418559906,-0.44156517,-0.550784877,-0.510634263
MT,2008,-1.127051049,-1.046054988,0.302804128,-0.397761617,-0.119091932,-0.477431092
MT,2009,-0.964546683,-1.056189489,0.502910896,-0.33506976,-1.022719604,-0.575122928
MT,2010,-1.172622289,-1.053672682,0.035120269,-0.35208551,-0.696551397,-0.647962322
MT,2011,-1.480500394,-1.075314771,-0.103749909,-0.437602554,-0.799411849,-0.779315895
MT,2012,-1.50463747,-1.077070466,0.10415536,-0.414675072,-0.381233311,-0.654692192
MT,2013,-1.584530611,-1.083922208,0.521106529,-0.373177324,-0.168645814,-0.537833886
MT,2014,-1.227147915,-1.089621954,0.617405079,-0.257125325,-0.66187828,-0.523673679
MT,2015,-1.577276181,-1.093908764,0.028276572,-0.130771842,-0.232236574,-0.601183358
MT,2016,-1.197188966,-1.097295819,0.178548282,0.196556455,0.259261342,-0.332023741
MT,2017,-1.184138642,-1.104209133,-0.230965306,0.840884961,-0.775032461,-0.490692116
MT,2018,-1.404901948,-1.111799957,0.171357824,0.72314289,-0.935347012,-0.511509641
NC,2000,0.884248815,1.227738247,0.132724787,-0.565434222,0.613033829,0.458462291
NC,2001,1.32275522,1.246937477,0.685323728,-0.636238196,0.212770418,0.566309729
NC,2002,1.105077358,1.203764082,0.72093036,-0.744292459,0.663568221,0.589809512
NC,2003,1.233012436,1.196837933,0.688162634,-0.818800375,0.628460899,0.585534705
NC,2004,1.103160752,1.187909773,0.841876732,-0.83786971,0.790506306,0.617116771
NC,2005,0.951895933,1.173472208,0.756799335,-0.816594807,0.634329074,0.539980349
NC,2006,0.936179222,1.157507493,0.662187823,-0.902423384,0.639761989,0.498642629
NC,2007,0.794771223,1.174511432,0.698821025,-0.929652859,0.981398508,0.543969866
NC,2008,0.670725753,1.155540409,0.665316112,-0.953538124,0.38704878,0.385018586
NC,2009,0.589699157,1.154555992,0.855224848,-0.934668277,0.496465827,0.432255509
NC,2010,0.609940813,1.175258266,0.907723882,-1.0376655,0.379937126,0.407038917
NC,2011,0.79589939,1.179576502,0.906197339,-1.044384345,0.639529479,0.495363673
NC,2012,0.917958407,1.174873416,1.004481357,-1.013368156,0.615838425,0.53995669
NC,2013,0.782056498,1.170685563,0.94190005,-0.961975758,0.843229072,0.555179085
NC,2014,0.687358167,1.172772427,0.972529053,-1.109125343,0.345757311,0.413858323
NC,2015,0.729764644,1.166258863,0.935407245,-1.052197125,0.844496633,0.524746052
NC,2016,0.628541418,1.166763132,0.856651866,-0.922670348,0.788154479,0.503488109
NC,2017,0.549937047,1.161805735,0.64996006,-0.768917329,0.74522352,0.467601807
NC,2018,0.560751611,1.156692046,0.54913516,-0.837176962,0.690881316,0.424056634
ND,2000,-0.455028192,-0.985165931,0.014386253,-0.619335429,-0.395505696,-0.488129799
ND,2001,-0.792985556,-1.001379961,0.21512404,-0.461454129,-0.259024857,-0.459944093
ND,2002,-0.72183339,-0.991793363,0.165195046,-0.357554513,0.180111374,-0.345174969
ND,2003,-0.838154882,-0.997672299,-0.083426751,-0.236795927,-0.389047223,-0.509019416
ND,2004,-0.685789795,-0.998464805,-0.211760405,-0.34839256,-1.152424855,-0.679366484
ND,2005,-0.620354906,-1.000326934,-0.764469599,-0.377287474,-0.882113869,-0.728910556
ND,2006,-0.623404158,-1.012202487,-0.439580001,-0.308918673,-0.843322622,-0.645485588
ND,2007,-0.764203099,-0.998085351,-0.398868357,-0.563587092,-0.550784877,-0.655105755
ND,2008,-1.496457241,-1.003512082,-0.156377719,-0.412387315,-0.119091932,-0.637565258
ND,2009,-1.612149117,-1.003046569,-0.882857315,-0.478452014,-0.009929317,-0.797286866
ND,2010,-1.398580992,-0.969163452,-0.65377732,-0.643821676,-1.234795658,-0.98002782
ND,2011,-0.977918624,-0.99141184,-1.025875658,-0.733593672,-0.799411849,-0.905642329
ND,2012,-1.190014629,-0.971839443,-1.673988483,-0.75447385,0.117302557,-0.89460277
ND,2013,-1.174322178,-0.957495604,-1.184214586,-0.788799748,-0.168645814,-0.854695586
ND,2014,-1.458208994,-0.931780486,-1.158214791,-0.794255771,0.345757311,-0.799340546
ND,2015,-1.509422039,-0.904685428,-1.088191948,-0.810871456,0.306130029,-0.801408168
ND,2016,-0.77586657,-0.856215467,-0.959697018,-0.776684243,-0.798524933,-0.833397646
ND,2017,-1.37262513,-0.841938894,-1.111890673,-0.897701513,-0.775032461,-0.999837734
ND,2018,-1.096564135,-0.817736178,-1.264196051,-0.908100591,-1.477423122,-1.112804015
NE,2000,-1.07848473,-0.626886207,-0.553638709,-0.385763535,-0.395505696,-0.608055775
NE,2001,-1.352319324,-0.726698645,-0.322247032,-0.286670062,-0.730820133,-0.683751039
NE,2002,-1.397540105,-0.636322158,-0.190475555,-0.111448547,-0.786802319,-0.624517737
NE,2003,-1.137600759,-0.642370642,-0.325926273,0.042081204,-0.389047223,-0.490572739
NE,2004,-1.100618907,-0.634069042,-0.343465047,0.04318916,-1.152424855,-0.637477738
NE,2005,-1.089271824,-0.636293585,-0.395018572,0.079592152,-0.882113869,-0.58462114
NE,2006,-1.143265285,-0.634861621,-0.247968206,0.149698604,-0.843322622,-0.543943826
NE,2007,-1.119758646,-0.648350259,-0.165317425,-0.509355127,-1.061512672,-0.700858826
NE,2008,-1.127051049,-0.641897379,-0.567224634,-0.193001852,-1.131373357,-0.732109654
NE,2009,-0.886834391,-0.641674711,-0.319154992,-0.204722256,-0.516324461,-0.513742162
NE,2010,-1.097302721,-0.620562877,-0.378218284,-0.279151469,-1.234795658,-0.722006202
NE,2011,-1.066609524,-0.634824383,-0.564812783,-0.496800778,-0.31976474,-0.616562442
NE,2012,-0.875391788,-0.635100171,-0.458548388,-0.544122225,-1.378305047,-0.778293524
NE,2013,-0.764113746,-0.641429094,-0.409068625,-0.47708293,-1.1805207,-0.694443019
NE,2014,-0.66599958,-0.637143078,-0.684716159,-0.497907939,-1.165696076,-0.730292566
NE,2015,-0.763026478,-0.631362831,-0.390399123,-0.437913603,-0.770603177,-0.598661042
NE,2016,-0.635425771,-0.636098625,-0.596427242,-0.290063894,-0.798524933,-0.591308093
NE,2017,-0.731771071,-0.632122702,-0.633674045,-0.318172688,-1.281784455,-0.719504992
NE,2018,-0.788226322,-0.639197456,-0.382715601,-0.269787925,-0.935347012,-0.603054863
NH,2000,-1.263212593,-0.974628292,-1.855362579,-0.673236635,-1.908314985,-1.334951017
NH,2001,-0.865942134,-0.960686433,-2.023922093,-0.69792669,-1.674410684,-1.244577607
NH,2002,-0.922042787,-0.981338328,-2.013287385,-0.650537806,-1.270259165,-1.167493094
NH,2003,-1.087693113,-0.98722225,-1.626605522,-0.661174171,-0.897801284,-1.052099268
NH,2004,-0.789497073,-0.988053497,-1.836117659,-0.54418342,-1.152424855,-1.062055301
NH,2005,-1.061688475,-0.979525028,-1.87282268,-0.500293527,-1.89307583,-1.261481108
NH,2006,-1.115904173,-0.980757414,-1.876668468,-0.308918673,-1.33768416,-1.123986578
NH,2007,-1.256510779,-0.987487318,-1.706753577,-0.522913118,-1.572240467,-1.209181052
NH,2008,-1.05316981,-0.992876355,-2.041440036,-0.587895685,-1.637514069,-1.262579191
NH,2009,-1.145875365,-0.9817894,-1.822361187,-0.34810451,-1.022719604,-1.064170013
NH,2010,-1.122409244,-0.979727106,-1.962682739,-0.512540401,-1.234795658,-1.16243103
NH,2011,-1.273554959,-0.99141184,-1.926046031,-0.541199445,-1.279058959,-1.202254247
NH,2012,-1.252939197,-0.992885648,-1.831545533,-0.689750273,-1.378305047,-1.22908514
NH,2013,-1.395203642,-0.989102255,-1.870772438,-0.684894142,-1.1805207,-1.224098635
NH,2014,-1.359182817,-0.994917073,-1.939487533,-0.701647073,-1.165696076,-1.232186114
NH,2015,-1.54334911,-0.999297096,-2.041842143,-0.745055364,-1.847336384,-1.435376019
NH,2016,-1.407850164,-1.002960029,-2.14637829,-0.801015261,-1.856311208,-1.44290299
NH,2017,-1.410322427,-0.999301038,-2.017985335,-0.575741054,-1.281784455,-1.257026862
NH,2018,-1.212190815,-0.996274901,-1.843454632,-0.127940665,-0.935347012,-1.023041605
NJ,2000,-0.0393905,0.384727132,-1.216334497,-0.277961122,0.613033829,-0.107185032
NJ,2001,-0.330927225,0.453413676,-1.352208253,-0.430609882,0.684565694,-0.195153198
NJ,2002,-0.34644077,0.440546494,-1.524240309,-0.580221815,0.663568221,-0.269357636
NJ,2003,-0.064586366,0.444434425,-1.36206059,-0.515673059,0.628460899,-0.173884938
NJ,2004,-0.245033863,0.438295632,-1.462954506,-0.311681774,0.304773515,-0.255320199
NJ,2005,-0.179021337,0.435004557,-1.220850279,-0.236709128,0.634329074,-0.113449423
NJ,2006,-0.103543031,0.434270833,-1.373687505,-0.147053752,0.639761989,-0.110050293
NJ,2007,-0.271895418,0.422051082,-1.356427179,-0.305985256,0.470670713,-0.208317212
NJ,2008,-0.412865744,0.41103955,-1.340583533,-0.236878944,0.38704878,-0.238447978
NJ,2009,-0.394656542,0.399926525,-1.423072041,-0.387208761,1.002860971,-0.16042997
NJ,2010,-0.469639657,0.351293271,-1.434527921,-0.395845935,0.379937126,-0.313756623
NJ,2011,-0.150136884,0.403474389,-1.355206282,-0.304406551,0.639529479,-0.15334917
NJ,2012,-0.120296969,0.406686952,-1.313858085,-0.188142554,0.615838425,-0.119954446
NJ,2013,-0.069914861,0.401590389,-1.162067559,-0.217318915,0.843229072,-0.040896375
NJ,2014,-0.170868697,0.404610614,-1.181889722,-0.257125325,0.849575106,-0.071139605
NJ,2015,-0.11841213,0.398853111,-0.995152905,-0.350158814,0.844496633,-0.044074821
NJ,2016,-0.073662576,0.412076815,-1.008132989,-0.606367121,0.788154479,-0.097586278
NJ,2017,-0.2794035,0.406467445,-1.162229265,-0.833309421,0.74522352,-0.224650244
NJ,2018,-0.133008468,0.400528045,-1.062714805,-0.979024221,0.690881316,-0.216667627
NM,2000,0.699520952,-0.848176625,2.073476739,2.210477899,0.613033829,0.949666559
NM,2001,0.617508295,-0.858952612,1.804846795,1.440607778,0.684565694,0.73771519
NM,2002,1.130103533,-0.845422867,1.988006876,1.259713264,1.147025067,0.935885175
NM,2003,1.18310479,-0.851371617,2.054978116,1.230340285,1.137214959,0.950853307
NM,2004,1.310575309,-0.831883885,1.917464643,1.462672896,0.790506306,0.929867054
NM,2005,0.869145889,-0.833911689,1.821687589,1.485375617,0.634329074,0.795325296
NM,2006,0.90881811,-0.834013744,1.811858596,1.485084203,0.639761989,0.802301831
NM,2007,1.06827549,-0.817918789,1.703090033,1.158277812,0.470670713,0.716479052
NM,2008,0.522963276,-0.812069004,1.632014736,1.34269639,0.38704878,0.614530836
NM,2009,0.56379506,-0.801103472,1.512877558,1.776559802,-0.009929317,0.608439926
NM,2010,0.559727768,-0.874090568,1.573658218,2.04015105,0.379937126,0.735876719
NM,2011,1.328044794,-0.865557444,1.762456963,1.900727275,1.119176589,1.048969635
NM,2012,1.106732112,-0.877131523,1.702234005,1.705022064,0.615838425,0.850539017
NM,2013,1.413146394,-0.883746751,2.093545479,1.358582776,0.843229072,0.964951394
NM,2014,1.314523953,-0.889689427,1.943201248,1.613570366,0.849575106,0.966236249
NM,2015,1.442233134,-0.883660613,2.098395287,1.470753055,0.844496633,0.994443499
NM,2016,1.190304613,-0.898142485,2.043333137,1.778072589,0.788154479,0.980344467
NM,2017,1.341580296,-0.904883751,2.109779239,1.549197969,0.74522352,0.968179455
NM,2018,1.717018411,-0.901754401,2.312096059,1.716073705,1.232957425,1.21527824
NV,2000,0.28388326,-0.331832317,-0.387964761,-0.987660338,-0.395505696,-0.36381597
NV,2001,0.179768824,-0.370630272,-0.546151645,-0.821303679,0.212770418,-0.269109271
NV,2002,0.254187421,-0.354036201,0.031818571,-0.427870503,-0.303345472,-0.159849237
NV,2003,0.733935974,-0.370669375,-0.193653806,-0.709674541,-0.389047223,-0.185821794
NV,2004,0.584624362,-0.300907201,-0.102006537,-0.923528212,-0.180959275,-0.184555373
NV,2005,0.869145889,-0.282661189,-0.438483399,-1.080179206,-0.376632888,-0.261762159
NV,2006,0.388956983,-0.278484136,-0.631191797,-1.118243279,-0.843322622,-0.49645697
NV,2007,0.603318236,-0.288017134,-0.585709102,-0.468681153,-0.550784877,-0.257974806
NV,2008,0.719979912,-0.26964695,-0.349717444,-0.587895685,-1.131373357,-0.323730705
NV,2009,0.615603254,-0.26967427,-0.084279024,-0.426313012,-1.022719604,-0.237476531
NV,2010,0.609940813,-0.240271341,0.058083522,-0.279151469,-0.158307136,-0.001941122
NV,2011,1.032408458,-0.225797594,0.42317909,-0.215609216,-0.31976474,0.1388832
NV,2012,0.760646987,-0.203652979,0.419269459,-0.123418977,-0.381233311,0.094322236
NV,2013,0.939828972,-0.19893598,0.321783281,0.094397903,-0.674583257,0.096498184
NV,2014,1.017445423,-0.195186966,0.238606173,0.520787735,-1.165696076,0.083191258
NV,2015,0.96725414,-0.179329306,0.423692506,0.417695588,-0.770603177,0.17174195
NV,2016,1.049863815,-0.153937922,0.323856193,0.366873577,-0.269631796,0.263404773
NV,2017,1.002304618,-0.139054652,0.222082025,0.261356137,-0.268280467,0.215681532
NV,2018,1.138885011,-0.114083567,0.171357824,0.368524742,0.148805207,0.342697843
NY,2000,0.653338986,0.627092827,0.487740388,2.066741349,2.125843117,1.192151333
NY,2001,0.350000841,0.71792161,0.192733579,1.810738744,2.571746797,1.128628314
NY,2002,0.504449167,0.785562664,0.120736221,0.509676034,2.597395607,0.903563939
NY,2003,0.45944392,0.789286033,0.247254414,0.333083428,2.663477141,0.898508987
NY,2004,0.377209806,0.74022355,0.227255069,0.447007809,2.247704676,0.807880182
NY,2005,0.372645624,0.736632189,0.126559348,0.501327191,2.656252998,0.87868347
NY,2006,0.388956983,0.748721555,0.183158334,0.554360906,2.617208138,0.898481183
NY,2007,0.548617382,0.739992075,0.114943694,0.399030295,2.513581893,0.863233068
NY,2008,0.350573719,0.740747073,0.085296937,0.479780235,2.41161163,0.813601919
NY,2009,0.356562281,0.718784046,-0.107766621,0.32970251,2.522046403,0.763865724
NY,2010,0.333769065,0.583693654,-0.056732743,0.304320863,2.532914171,0.739593002
NY,2011,0.707208489,0.707622515,0.049937716,0.405972131,2.078470808,0.789842332
NY,2012,0.823571555,0.701333815,0.059139061,0.588540366,2.111446029,0.856806165
NY,2013,0.876719982,0.696585798,0.122460034,0.769784342,2.361041401,0.965318311
NY,2014,0.885410521,0.699248022,0.096556584,0.854179046,2.361028493,0.979284533
NY,2015,0.96725414,0.693200523,0.23761442,1.185549991,2.459596443,1.108643103
NY,2016,0.944533215,0.695084184,0.226984253,1.29145224,2.374833892,1.106577557
NY,2017,1.077699213,0.689719304,0.222082025,1.356021694,2.772231495,1.223550746
NY,2018,0.984716105,0.673587268,0.171357824,1.432379187,2.317109644,1.115830006
OH,2000,-0.247209346,0.163436714,-0.458967882,0.359869818,-0.395505696,-0.115675278
OH,2001,-0.282289506,0.199079124,-0.389418416,0.09374232,-0.730820133,-0.221941322
OH,2002,-0.146231373,0.147805501,-0.279393205,0.111218756,0.180111374,0.002702211
OH,2003,-0.239263127,0.141383012,-0.237744628,0.151207038,-0.389047223,-0.114692986
OH,2004,-0.322814322,0.157190329,-0.233711179,0.263453878,-0.180959275,-0.063368114
OH,2005,-0.123854641,0.15417883,-0.090764785,0.431038018,-0.376632888,-0.001207093
OH,2006,-0.212987479,0.161746875,0.039449487,0.432962216,0.145400452,0.11331431
OH,2007,-0.326596272,0.157100255,0.068233508,0.521052217,-0.040057082,0.075946525
OH,2008,0.424454958,0.155782112,0.085296937,0.874674068,-0.119091932,0.284223229
OH,2009,0.537890962,0.155469092,0.315010122,1.124822283,-0.009929317,0.424652628
OH,2010,0.409088632,0.192838464,0.241789546,1.281637019,-0.158307136,0.393409305
OH,2011,-0.268391418,0.172741329,0.15971459,1.042353034,0.15988237,0.253259981
OH,2012,-0.277608389,0.175178702,0.26171241,0.539997684,0.117302557,0.163316593
OH,2013,-0.290796324,0.169808282,0.100313007,0.336844317,0.337291629,0.130692182
OH,2014,-0.269894874,0.173109793,0.167581379,0.3170486,-0.158060485,0.045956883
OH,2015,-0.321974556,0.178092552,0.144575376,0.461572983,-0.232236574,0.046005956
OH,2016,-0.389654373,0.181478218,0.154330297,0.585852734,0.259261342,0.158253644
OH,2017,-0.317100797,0.186160444,0.071066248,1.227237511,-0.268280467,0.179816588
OH,2018,-0.287177375,0.190482489,0.19654298,1.219608298,0.148805207,0.29365232
OK,2000,0.306974243,-0.247531205,1.12676847,-0.772055513,0.108764066,0.104584012
OK,2001,0.714783733,-0.350283508,1.334647107,-0.790459432,0.684565694,0.318650719
OK,2002,1.105077358,-0.270395917,1.098830374,-0.744292459,0.180111374,0.273866146
OK,2003,0.434490096,-0.255718839,1.26134332,-0.733924727,0.119706838,0.165179338
OK,2004,0.480917084,-0.280084586,1.105286017,-0.752211209,0.304773515,0.171736164
OK,2005,0.317478928,-0.282661189,1.147982776,-0.8341671,0.634329074,0.196592498
OK,2006,0.388956983,-0.278484136,1.380732056,-0.956378358,0.639761989,0.234917707
OK,2007,0.302463542,-0.277419101,1.235988169,-0.943210851,0.470670713,0.157698494
OK,2008,0.547590355,-0.280282676,1.148665424,-0.968163821,0.38704878,0.166971612
OK,2009,0.615603254,-0.280302854,0.972662832,-0.934668277,0.496465827,0.173952156
OK,2010,0.58483429,-0.314216917,0.976613641,-0.920971033,-0.158307136,0.033590569
OK,2011,0.411572153,-0.320188391,0.906197339,-0.940787454,0.15988237,0.043335203
OK,2012,0.446024146,-0.340453308,0.711875408,-0.883921003,0.117302557,0.01016556
OK,2013,0.46651155,-0.335898134,0.676135721,-0.892705354,-0.168645814,-0.050920406
OK,2014,0.324262186,-0.34250567,0.664754942,-0.83129925,0.345757311,0.032193904
OK,2015,0.458348076,-0.337015419,0.79584868,-0.766994061,0.306130029,0.091263461
OK,2016,0.38277002,-0.342609502,1.050395747,-0.655029156,-0.269631796,0.033179063
OK,2017,0.512239749,-0.348870844,1.002330207,-0.704525238,0.238471526,0.13992908
OK,2018,0.483667158,-0.355635956,1.027653118,-0.695329702,0.148805207,0.121831965
OR,2000,-0.732119987,-0.879789542,-0.127619987,-0.682220169,0.108764066,-0.462597124
OR,2001,-0.768666696,-0.84877923,0.349466808,-0.708208106,0.212770418,-0.352683361
OR,2002,-0.72183339,-0.887243009,0.231883284,-0.591941147,0.180111374,-0.357804578
OR,2003,-0.613570474,-0.893171812,0.467708524,-0.515673059,0.628460899,-0.185249184
OR,2004,-0.530228878,-0.89435173,0.315058164,-0.372866417,-0.180959275,-0.332669627
OR,2005,-0.482438166,-0.896317406,0.213489002,-0.201564541,0.128848093,-0.247596604
OR,2006,-0.596043046,-0.896903889,0.111303911,-0.120076265,-0.348961085,-0.370136075
OR,2007,-0.545399685,-0.902703054,0.208364067,0.114312476,-0.550784877,-0.335242215
OR,2008,-0.5852553,-0.907790543,0.1819668,0.158014889,-0.119091932,-0.254431217
OR,2009,-0.809122099,-0.918017896,0.221059735,0.577362767,-0.516324461,-0.289008391
OR,2010,-0.620278793,-0.905781529,0.402532317,1.004487661,-0.158307136,-0.055469496
OR,2011,-0.53446412,-0.917996776,0.42317909,1.30874504,0.15988237,0.087869121
OR,2012,-0.655155799,-0.929747034,0.374253159,1.138690768,0.117302557,0.00906873
OR,2013,-0.448568798,-0.936424503,0.277489226,0.994913155,-0.168645814,-0.056247347
OR,2014,-0.401929776,-0.94230325,0.3333059,0.928266004,-0.158060485,-0.048144321
OR,2015,-0.457682839,-0.936222651,0.167835137,0.724837349,-0.232236574,-0.146693916
OR,2016,-0.459874773,-0.940069503,0.009022387,0.537190699,-0.269631796,-0.224672597
OR,2017,-0.543284583,-0.93635618,-0.079949529,0.647708686,-0.268280467,-0.236032415
OR,2018,-0.171550695,-0.943763512,-0.256789823,0.72314289,-0.393270903,-0.208446409
PA,2000,0.006791466,0.00537213,-0.411632468,0.234100337,0.108764066,-0.011320894
PA,2001,-0.014782052,-0.167162631,-0.389418416,0.145149398,0.212770418,-0.042688657
PA,2002,-0.146231373,0.001435005,-0.612834393,0.169815414,0.180111374,-0.081540795
PA,2003,-0.139447835,-0.00491767,-0.48024415,0.308833243,0.119706838,-0.039213915
PA,2004,-0.141326585,0.011432024,-0.453218916,0.740694099,0.304773515,0.092470827
PA,2005,-0.261771382,0.018966443,-0.351553745,1.046068284,0.128848093,0.116111539
PA,2006,-0.212987479,0.025484895,-0.343774104,0.959023209,0.639761989,0.213501702
PA,2007,-0.189844138,0.008727792,-0.35215817,0.060080511,0.470670713,-0.000504658
PA,2008,0.498336196,0.006881941,-0.373884909,-0.134499062,0.38704878,0.076776589
PA,2009,0.382466378,0.0172975,-0.507055766,-0.309000259,0.496465827,0.016034736
PA,2010,0.333769065,0.044947311,-0.493034549,-0.235391044,0.379937126,0.006045582
PA,2011,-0.357082319,0.057374798,-0.564812783,0.183978793,0.15988237,-0.104131828
PA,2012,-0.277608389,0.06994768,-0.458548388,0.71798752,0.117302557,0.033816196
PA,2013,-0.322350819,0.064452778,-0.497656735,0.752466741,0.337291629,0.066840719
PA,2014,-0.335912325,0.067882148,-0.471641775,0.891222525,0.345757311,0.099461577
PA,2015,-0.288047485,0.072968476,-0.483438167,1.053917807,0.306130029,0.132306132
PA,2016,-0.319433974,0.076660674,-0.281593435,1.023811048,0.259261342,0.151741131
PA,2017,-0.392495392,0.081252349,-0.356811787,0.77649287,0.74522352,0.170732312
PA,2018,-0.518430735,0.085459711,-0.281974979,0.72314289,0.148805207,0.031400419
RI,2000,0.907339798,-0.574198012,-0.293293934,2.677621686,0.108764066,0.565246721
RI,2001,0.86069689,-0.492710857,-0.143123341,2.869724562,0.684565694,0.75583059
RI,2002,0.704658564,-0.469041591,-0.746210869,2.900419704,0.180111374,0.513987436
RI,2003,0.858705089,-0.454269765,-0.656607438,2.576225571,0.119706838,0.488752059
RI,2004,0.636478001,-0.446665507,-0.277612726,2.160177835,-0.180959275,0.378283666
RI,2005,0.786395845,-0.438675481,-0.525413052,1.60838167,0.128848093,0.311907415
RI,2006,0.744651439,-0.435709497,-0.535385899,1.539039177,-0.348961085,0.192726827
RI,2007,0.931523356,-0.446987631,-0.49228873,1.171835803,0.470670713,0.326950702
RI,2008,0.572217435,-0.439818575,-0.663894496,1.415824877,0.38704878,0.254275604
RI,2009,0.46017867,-0.439731614,-0.530543363,1.124822283,0.496465827,0.222238361
RI,2010,0.810792993,-0.493799032,-0.378218284,0.581470221,0.918181387,0.287685457
RI,2011,0.88459029,-0.372627723,-0.411125159,0.47996991,0.639529479,0.244067359
RI,2012,0.697722419,-0.361499513,-0.368515788,0.71798752,0.117302557,0.160599439
RI,2013,0.592729529,-0.356969235,-0.386921597,0.717831539,0.843229072,0.281979862
RI,2014,0.984436697,-0.34250567,-0.40061698,0.68748339,0.849575106,0.355674509
RI,2015,0.322639792,-0.326503012,-0.413658884,0.659021258,0.306130029,0.109525837
RI,2016,0.207219022,-0.311164238,-0.330029405,0.561521716,0.788154479,0.183140315
RI,2017,0.474542452,-0.306907606,-0.558166157,0.969669144,0.238471526,0.163521872
RI,2018,0.368040478,-0.292622289,-0.458271069,1.006837409,0.148805207,0.154557947
SC,2000,1.299886507,2.060211724,0.629746628,-0.763071979,0.613033829,0.767961342
SC,2001,0.641827154,1.460578501,0.573371422,-0.584831117,0.684565694,0.555102331
SC,2002,0.95492031,2.050621954,0.654242123,-0.392712508,1.147025067,0.882819389
SC,2003,0.883658912,2.053741929,0.776344278,-0.491422873,0.628460899,0.770156629
SC,2004,0.999453474,1.968757836,0.797975185,-0.83786971,0.790506306,0.743764618
SC,2005,1.089812674,1.95354367,0.952391055,-0.711161047,0.634329074,0.783783085
SC,2006,1.100345894,1.922670916,0.829848144,-0.592182285,0.639761989,0.780088932
SC,2007,1.095625916,1.905775715,0.862306677,-0.509355127,0.470670713,0.765004779
SC,2008,1.114013183,1.878769814,1.051995562,-0.456264407,0.38704878,0.795112586
SC,2009,1.081877007,1.845413955,1.090100816,-0.374174011,0.496465827,0.827936719
SC,2010,1.112071264,1.851332108,1.114393159,-0.366672318,0.379937126,0.818212268
SC,2011,0.973281191,1.819336352,1.169661839,-0.437602554,0.15988237,0.73691184
SC,2012,0.980882976,1.806259551,1.094513957,-0.625026696,0.615838425,0.774493643
SC,2013,0.876719982,1.792283033,0.986194105,-0.615623738,0.337291629,0.675373002
SC,2014,0.81939307,1.772570007,1.138253574,-0.646081855,0.345757311,0.685978421
SC,2015,0.763691715,1.74444128,0.865627962,-0.613423181,0.306130029,0.613293561
SC,2016,0.839202616,1.722296115,0.614472015,-0.655029156,0.259261342,0.556040586
SC,2017,0.700726237,1.696837023,1.052668799,-0.704525238,0.74522352,0.698186068
SC,2018,0.637836065,1.671303658,0.826171872,-0.695329702,0.690881316,0.626172642
SD,2000,-0.616665072,-0.985165931,0.1800602,-0.924775597,0.108764066,-0.447556467
SD,2001,-1.03617415,-0.950513051,-0.053561496,-0.996087746,0.212770418,-0.564713205
SD,2002,-0.897016612,-0.991793363,0.120736221,-1.02555642,-0.303345472,-0.619395129
SD,2003,-0.888062528,-0.997672299,-0.171608395,-1.073427321,-1.406555344,-0.907465177
SD,2004,-1.074692088,-0.998464805,-0.12395731,-0.996949784,-0.666692065,-0.77215121
SD,2005,-0.592771558,-1.000326934,0.126559348,-0.693588754,-0.376632888,-0.507352157
SD,2006,-0.513959711,-1.001720796,-0.05635641,-0.673114746,-0.348961085,-0.51882255
SD,2007,-0.600100539,-0.998085351,-0.118607238,-0.590703075,-1.572240467,-0.775947334
SD,2008,-1.200932287,-1.003512082,0.157799334,-0.529392895,-0.119091932,-0.539025972
SD,2009,-1.145875365,-1.003046569,0.338497719,-0.569695267,-0.009929317,-0.47800976
SD,2010,-1.047089676,-0.958599798,-0.332291778,-0.52712721,-0.696551397,-0.712331972
SD,2011,-0.859664089,-0.980923974,-0.652634283,-0.482001222,-1.279058959,-0.850856505
SD,2012,-0.812467219,-0.961316341,-0.413532088,-0.398494178,-1.378305047,-0.792822975
SD,2013,-0.98499521,-0.946960053,-0.165451323,-0.338542122,-1.1805207,-0.723293882
SD,2014,-0.996086836,-0.952826015,-0.40061698,-0.257125325,-0.66187828,-0.653706687
SD,2015,-0.763026478,-0.967759873,-0.413658884,-0.130771842,-1.308969781,-0.716837372
SD,2016,-0.846086969,-0.950551257,-0.112067539,0.05057035,-0.798524933,-0.53133207
SD,2017,-0.882560261,-0.94684699,-0.281303899,0.454532411,-0.775032461,-0.48624224
SD,2018,-0.942395228,-0.922758956,-0.004938266,0.581295631,-1.477423122,-0.553243988
TN,2000,1.392250438,0.679781022,0.606078921,0.907865415,0.613033829,0.839801925
TN,2001,1.395711799,0.81965543,0.70771419,1.399482115,0.684565694,1.001425846
TN,2002,1.230208231,0.660102238,0.743159773,1.869118513,1.147025067,1.129922764
TN,2003,0.958520382,0.663885448,0.489753935,2.430724459,0.119706838,0.932518212
TN,2004,1.180941211,0.667344397,0.490664353,2.674128843,0.304773515,1.063570464
TN,2005,1.255312762,0.653424566,0.843728989,2.680291562,0.634329074,1.213417391
TN,2006,1.291873678,0.664868029,1.141217312,2.780003572,1.134123527,1.402417224
TN,2007,1.205027623,0.665805843,0.95572705,2.514076949,0.981398508,1.264407195
TN,2008,1.114013183,0.65566126,1.003660631,2.000852779,0.893189492,1.133475469
TN,2009,1.237301591,0.655012542,1.043125622,2.011185308,1.002860971,1.189897207
TN,2010,1.212497354,0.668202885,0.999576894,1.865109351,0.918181387,1.132713574
TN,2011,0.973281191,0.644695316,0.994018839,1.826729495,1.119176589,1.111580286
TN,2012,0.917958407,0.648718303,0.936956908,1.721202958,0.615838425,0.968135
TN,2013,0.813610993,0.643908047,1.008341133,1.60102919,0.843229072,0.982023687
TN,2014,0.885410521,0.646634199,1.209278369,1.391309492,0.849575106,0.996441537
TN,2015,0.899399998,0.640638485,0.958667006,1.053917807,0.844496633,0.879423986
TN,2016,0.733872017,0.632193658,0.759779925,0.780500874,0.788154479,0.738900191
TN,2017,0.66302894,0.626774447,0.800975837,0.647708686,0.74522352,0.696742286
TN,2018,0.753462745,0.621075879,1.002467962,0.439448372,0.690881316,0.701467255
TX,2000,1.438432404,0.163436714,1.19777159,-0.080323366,1.117303592,0.767324187
TX,2001,1.492987237,0.015958246,0.998790187,-0.039916085,1.15636097,0.724836111
TX,2002,1.605600851,0.137350466,1.209977437,-0.088009883,1.147025067,0.802388788
TX,2003,1.806950367,0.130932963,1.26134332,-0.151920279,1.137214959,0.836904266
TX,2004,1.647623962,0.146779022,1.12723679,-0.593131135,1.276239096,0.720949547
TX,2005,1.889729767,0.133376925,1.539166216,-0.640871874,1.139810055,0.812242218
TX,2006,1.89381814,0.161746875,1.452586479,-0.88893464,1.134123527,0.750668076
TX,2007,1.88878829,0.157100255,1.306053448,-0.848304911,0.981398508,0.697007118
TX,2008,0.990877786,0.145146386,1.245335287,-0.997415216,0.893189492,0.455426747
TX,2009,1.081877007,0.144840508,1.27800159,-1.104120032,1.002860971,0.480692009
TX,2010,0.961432129,0.150583849,1.137356412,-1.066839116,0.918181387,0.420142932
TX,2011,1.889753831,0.151765596,1.103795714,-1.073983457,1.119176589,0.638101655
TX,2012,2.050600636,0.154132498,1.049497657,-1.061910839,1.114374293,0.661338849
TX,2013,1.9811273,0.159272731,0.853311941,-1.065881364,0.843229072,0.554211936
TX,2014,2.040715915,0.162587029,0.854154395,-1.053560124,0.849575106,0.570694464
TX,2015,2.154701623,0.157067737,0.772588919,-1.09607452,0.844496633,0.566556078
TX,2016,2.138280005,0.16051471,0.905087836,-1.09298747,0.788154479,0.579809912
TX,2017,2.170920843,0.165178825,0.800975837,-1.155269879,0.74522352,0.545405829
TX,2018,2.256609585,0.169477934,0.926912495,-1.19179511,0.690881316,0.570417244
UT,2000,-1.332485541,-0.964090653,-0.506303295,-0.852907322,-2.412584747,-1.213674312
UT,2001,-1.425275902,-0.991206579,-0.702884874,-1.016650577,-2.14620596,-1.256444778
UT,2002,-1.522670978,-0.981338328,-0.301622618,-1.037275752,-2.237172858,-1.216016107
UT,2003,-1.237416052,-0.976772201,-0.568425794,-0.891550931,-1.915309405,-1.117894877
UT,2004,-1.022838449,-0.97764219,-0.2995635,-0.73997428,-2.123890435,-1.032781771
UT,2005,-1.337521956,-0.979525028,-0.460215812,-0.746305634,-1.89307583,-1.083328852
UT,2006,-1.334793069,-0.991239105,-0.319822629,-0.88893464,-1.832045697,-1.073367028
UT,2007,-1.201809926,-0.987487318,-0.538998916,-1.03811679,-2.082968262,-1.169876242
UT,2008,-1.003915651,-0.982240629,-0.663894496,-1.055918007,-2.143654782,-1.169924713
UT,2009,-0.964546683,-0.9817894,-0.413105379,-0.882529276,-2.035509892,-1.055496126
UT,2010,-0.996876631,-0.979727106,-0.263402019,-0.818863375,-1.77303992,-0.96638181
UT,2011,-0.94835499,-0.99141184,-0.213526784,-0.95558701,-1.758706068,-0.973517338
UT,2012,-1.032703208,-1.00340875,-0.323499488,-1.061910839,-1.876840915,-1.05967264
UT,2013,-1.079658694,-1.010173355,-0.45336268,-1.031246162,-1.686458143,-1.052179807
UT,2014,-0.996086836,-1.015962602,-0.684716159,-0.979473166,-1.669513871,-1.069150527
UT,2015,-0.966588904,-1.020321911,-0.646256492,-1.008319731,-1.847336384,-1.097764684
UT,2016,-1.021637968,-1.013441783,-0.547991271,-0.947001365,-1.856311208,-1.077276719
UT,2017,-0.995652154,-1.020282657,-0.809859118,-1.026485696,-2.295288442,-1.229513613
UT,2018,-1.135106362,-1.027781734,-1.062714805,-1.049947851,-2.019499231,-1.259009997
VA,2000,0.099155397,1.016985468,-0.766648069,-0.825956719,-0.395505696,-0.174393924
VA,2001,0.058174527,1.175723803,-0.926789488,-0.924117836,0.212770418,-0.080847715
VA,2002,0.028951849,1.015573444,-0.790669694,-0.943521098,0.180111374,-0.101910825
VA,2003,0.135044219,1.008737056,-1.075470247,-1.34017936,0.119706838,-0.230432299
VA,2004,0.092014791,0.979683623,-1.001988258,-1.621033151,0.304773515,-0.249309896
VA,2005,0.069228795,0.986255057,-1.003526146,-1.607348006,0.128848093,-0.285308441
VA,2006,0.06062364,0.979318751,-1.062318337,-1.158709509,0.639761989,-0.108264693
VA,2007,0.028959275,0.983746836,-0.936035501,-0.373775213,0.470670713,0.034713222
VA,2008,-0.11734079,0.974733057,-0.857234221,-0.368510222,0.38704878,0.003739321
VA,2009,-0.187423763,0.984498647,-1.023782896,-0.282930758,0.496465827,-0.002634589
VA,2010,-0.118148341,0.953421537,-1.021189367,-0.293738277,0.379937126,-0.019943464
VA,2011,-0.091009617,0.948843441,-0.960009533,-0.363604775,0.15988237,-0.061179623
VA,2012,-0.025910116,0.922318962,-0.998743986,-0.349951495,0.615838425,0.032710358
VA,2013,-0.038360366,0.928367906,-0.918450257,-0.338542122,0.337291629,-0.005938642
VA,2014,-0.038833795,0.920226077,-0.945140406,-0.368255762,0.345757311,-0.017249315
VA,2015,-0.084485059,0.913961082,-0.85559434,-0.328220117,0.306130029,-0.009641681
VA,2016,-0.038552376,0.915201026,-0.814389108,-0.387387964,0.259261342,-0.013173416
VA,2017,-0.053219714,0.910026305,-0.935705599,-0.38256478,0.238471526,-0.044598452
VA,2018,-0.094466242,0.915139657,-0.86123356,-0.127940665,0.690881316,0.104476101
VT,2000,-1.032302764,-0.99570357,-0.695644949,0.898881881,-0.899775459,-0.544908972
VT,2001,-0.744347837,-1.011553343,-0.63571349,0.905974161,-0.730820133,-0.443292128
VT,2002,-0.947068961,-1.012703434,-0.901816757,0.837817322,-1.753716012,-0.755497568
VT,2003,-0.888062528,-1.018572396,-0.899106959,0.745336579,-1.406555344,-0.69339213
VT,2004,-1.022838449,-1.01928742,-1.089791353,0.777404886,-0.666692065,-0.60424088
VT,2005,-1.28235526,-1.02112884,-0.721004772,0.395893432,-0.376632888,-0.601045666
VT,2006,-1.49895974,-1.033165868,-0.942560965,0.891579492,-1.33768416,-0.784158248
VT,2007,-1.283861206,-1.029879451,-1.052810967,0.982023924,-1.061512672,-0.689208074
VT,2008,-0.880780254,-1.035419262,-1.074741412,0.275020469,-1.131373357,-0.769458763
VT,2009,-0.809122099,-1.024303737,-0.976807702,-0.165618005,-1.022719604,-0.799714229
VT,2010,-1.147515767,-0.99029076,-0.906373102,-0.279151469,-0.696551397,-0.803976499
VT,2011,-1.332682226,-1.012387573,-1.245429407,-0.230408772,-1.279058959,-1.019993387
VT,2012,-1.34732605,-1.024454954,-0.976235836,0.02220907,-0.879769179,-0.84111539
VT,2013,-1.048104199,-1.020708906,-0.763421064,0.354161918,-0.674583257,-0.630531102
VT,2014,-1.161130464,-1.026485367,-1.039840133,0.29852686,-1.165696076,-0.818925036
VT,2015,-0.966588904,-1.020321911,-1.344049318,0.395756891,-0.770603177,-0.741161284
VT,2016,-1.021637968,-1.023923538,-0.790171123,0.537190699,-0.798524933,-0.619413373
VT,2017,-1.108744046,-1.020282657,-0.759520526,1.098453328,-0.775032461,-0.513025272
VT,2018,-1.404901948,-1.027781734,-1.012344494,0.86499015,-0.935347012,-0.703077008
WA,2000,-1.193939644,-0.711187319,-0.506303295,0.83599714,0.108764066,-0.29333381
WA,2001,-1.230725026,-0.645311588,-0.277466109,0.905974161,-0.730820133,-0.395669739
WA,2002,-1.297435406,-0.709507406,-0.41276968,0.931571976,-0.786802319,-0.454988567
WA,2003,-1.137600759,-0.715520983,-0.634562027,0.999963525,0.119706838,-0.273602681
WA,2004,-1.074692088,-0.717359502,-0.167858858,1.144512748,-0.180959275,-0.199271395
WA,2005,-0.923771735,-0.719501208,-0.373286159,1.169074337,0.128848093,-0.143727334
WA,2006,-0.92437639,-0.718715146,-0.463531476,1.228798078,-0.348961085,-0.245357204
WA,2007,-0.955656086,-0.733134524,-0.49228873,1.361647683,-0.550784877,-0.274043307
WA,2008,-1.028542731,-0.726983192,-0.663894496,1.445076272,-0.625232645,-0.319915358
WA,2009,-0.912738489,-0.716074799,-0.55403096,1.672281799,-0.516324461,-0.205377382
WA,2010,-0.871344018,-0.715635761,-0.447108043,1.763001693,-0.696551397,-0.193527505
WA,2011,-0.741409555,-0.729215181,-0.433080534,1.30874504,-0.799411849,-0.278874416
WA,2012,-0.812467219,-0.729808091,-0.593597287,1.138690768,-0.381233311,-0.275683028
WA,2013,-0.637895767,-0.725713496,-0.431215652,0.977595554,-0.168645814,-0.197175035
WA,2014,-0.632990855,-0.721325194,-0.542666569,0.780092088,-0.66187828,-0.355753762
WA,2015,-0.729099407,-0.725974499,-0.599736971,0.593205166,-0.232236574,-0.338768457
WA,2016,-0.600315571,-0.730434415,-0.717517167,0.512859682,-0.269631796,-0.361007853
WA,2017,-0.694073773,-0.726539989,-0.835028415,0.518924503,-0.268280467,-0.400999628
WA,2018,-0.711141868,-0.723215678,-0.911603871,0.581295631,-0.393270903,-0.431587338
WI,2000,-0.732119987,-0.447746345,-1.074328257,-1.104446285,-1.404045222,-0.952537219
WI,2001,-0.671391258,-0.502884239,-0.814837181,-1.109183319,-1.202615409,-0.860182281
WI,2002,-0.67178104,-0.458586555,-0.879587344,-1.060714416,-1.270259165,-0.868185704
WI,2003,-0.488801359,-0.464719814,-0.722743671,-0.915801117,-1.406555344,-0.799724261
WI,2004,-0.478375239,-0.467488122,-0.7166282,-0.703263494,-1.152424855,-0.703635982
WI,2005,-0.923771735,-0.459477387,-0.851399252,-0.711161047,-1.38759485,-0.866680854
WI,2006,-0.78757083,-0.467154569,-0.774900644,-0.821490923,-1.33768416,-0.837760225
WI,2007,-0.818903952,-0.47878173,-0.609064196,-0.766956963,-1.061512672,-0.747043903
WI,2008,-0.60988238,-0.471725754,-0.80889929,-0.661024173,-1.131373357,-0.736580991
WI,2009,-0.472368834,-0.48224595,-0.601006153,-0.647903769,-1.022719604,-0.645248862
WI,2010,-0.620278793,-0.430417109,-0.561924308,-0.366672318,-1.234795658,-0.642817637
WI,2011,-0.889227723,-0.446042788,-0.455035909,-0.067613657,-0.799411849,-0.531466385
WI,2012,-0.906854072,-0.456207433,-0.661121737,0.006028176,-0.879769179,-0.579584849
WI,2013,-0.764113746,-0.462324738,-0.519803762,0.284891514,-1.1805207,-0.528374286
WI,2014,-0.996086836,-0.45825608,-0.566341501,0.446700777,-1.165696076,-0.547935943
WI,2015,-0.898734762,-0.46316431,-0.739295536,0.264124708,-1.308969781,-0.629207936
WI,2016,-1.126968567,-0.468390555,-0.693299182,0.001908315,-0.798524933,-0.617054984
WI,2017,-1.146441344,-0.464269749,-0.709181934,0.00378777,-0.775032461,-0.618227544
WI,2018,-0.980937455,-0.471161011,-0.710122626,0.013906594,-0.935347012,-0.616732302
WV,2000,1.553887318,-0.711187319,1.907802792,0.11731439,0.108764066,0.595316249
WV,2001,1.882088988,-0.747045409,1.737675411,0.772315757,0.684565694,0.865920088
WV,2002,1.305286755,-0.730417477,1.58787745,0.978449303,0.180111374,0.664261481
WV,2003,1.707135075,-0.736421081,1.834524006,0.951463154,0.628460899,0.877032411
WV,2004,1.517989865,-0.748593424,1.500399943,0.532666311,-0.180959275,0.524300684
WV,2005,1.172562718,-0.750704066,1.691293109,0.167453619,0.128848093,0.481890695
WV,2006,1.237151454,-0.750160219,1.596295326,0.17667609,0.145400452,0.481072621
WV,2007,1.423831037,-0.743732557,1.562959474,0.127870468,-0.040057082,0.466174268
WV,2008,2.000588044,-0.748254645,1.366172615,0.070260704,-0.119091932,0.513934957
WV,2009,2.22165729,-0.747960552,1.254513994,-0.009201,0.496465827,0.643095112
WV,2010,2.041012599,-0.736763069,1.183282918,0.041758314,-0.158307136,0.474196725
WV,2011,1.061972092,-0.76067878,0.994018839,0.139580125,0.639529479,0.414884351
WV,2012,1.295505817,-0.7719005,0.824416158,0.103113541,0.117302557,0.313687515
WV,2013,1.129155941,-0.767855698,1.008341133,0.180985908,-0.168645814,0.276396294
WV,2014,0.951427972,-0.773939017,0.972529053,0.224439902,-0.66187828,0.142515926
WV,2015,0.865472927,-0.778536537,1.144745092,0.198308616,-0.232236574,0.239550705
WV,2016,0.979643415,-0.782843187,1.437883509,0.318211542,0.259261342,0.442431324
WV,2017,0.926910023,-0.789484846,1.782578389,0.712100778,0.238471526,0.574115174
WV,2018,0.637836065,-0.796731623,1.707652322,0.72314289,0.148805207,0.484140972
WY,2000,-1.378667507,-0.964090653,0.1800602,-1.634474813,-0.899775459,-0.939389646
WY,2001,-1.230725026,-0.981033197,0.058390811,-1.828882419,-0.730820133,-0.942613993
WY,2002,-1.547697152,-0.991793363,-0.257163792,-2.056857611,-0.303345472,-1.031371478
WY,2003,-1.337231344,-0.976772201,-0.436153328,-2.079810013,-1.406555344,-1.247304446
WY,2004,-1.411740742,-0.998464805,-0.650775879,-2.000377942,-1.152424855,-1.242756845
WY,2005,-1.613355437,-1.000326934,-0.981793732,-1.923649285,-1.89307583,-1.482440244
WY,2006,-1.225348621,-0.991239105,-0.966512439,-1.779191707,-1.832045697,-1.358867514
WY,2007,-1.502664619,-0.998085351,-1.239651713,-1.716016359,-0.550784877,-1.201440584
WY,2008,-1.028542731,-0.982240629,-1.050573946,-1.655571606,-0.625232645,-1.068432311
WY,2009,-1.09406717,-0.9817894,-1.047270492,-1.612475297,-1.529114748,-1.252943421
WY,2010,-1.649646218,-1.011418067,-1.113042379,-1.562790598,-1.77303992,-1.421987436
WY,2011,-1.45093676,-1.012387573,-1.289340157,-1.547569245,-2.238353178,-1.507717383
WY,2012,-1.095627777,-0.982362545,-0.796170636,-1.514975875,-1.876840915,-1.25319555
WY,2013,-1.71074859,-0.968031154,-1.250655669,-1.412233384,-2.192395586,-1.506812877
WY,2014,-1.227147915,-0.984394308,-0.779415885,-1.368429696,-1.669513871,-1.205780335
WY,2015,-1.509422039,-1.009809504,-1.297529796,-1.381277584,-1.308969781,-1.301401741
WY,2016,-1.478070564,-1.023923538,-0.693299182,-1.214642557,-1.32741807,-1.147470782
WY,2017,-1.37262513,-1.030773466,-0.381981083,-1.219661971,-1.788536448,-1.15871562
WY,2018,-1.135106362,-1.038284012,-0.785678093,-1.19179511,-0.393270903,-0.908826896
